101年度綜稅所得總額各縣市鄉鎮村里統計分析表-縣市別：彰化縣,單位：金額(千元)
鄉鎮市區,村里,納稅單位,綜合所得總額,平均數,中位數,第一分位數,第三分位數,標準差,變異係數
彰化市,中正里,541,636197,1176,531,301,1018,6033.28,513.05
彰化市,文化里,476,396144,832,539,300,959,1257.33,151.08
彰化市,新興里,1779,1558167,876,621,360,1080,895.95,102.29
彰化市,下廍里,1712,1600162,935,647,376,1134,1334.34,142.76
彰化市,民生里,537,547312,1019,637,318,1115,1798.77,176.49
彰化市,興北里,576,493343,856,635,331,1077,837.6,97.79
彰化市,信義里,324,361927,1117,609,350,1259,1858.3,166.36
彰化市,陽明里,612,521467,852,594,340,1111,826.96,97.05
彰化市,萬安里,1425,1262839,886,608,332,1105,1250.58,141.12
彰化市,新華里,515,401068,779,550,353,973,719.12,92.34
彰化市,光華里,303,269856,891,590,292,1168,900.95,101.16
彰化市,光復里,295,345072,1170,595,307,1068,1852.45,158.37
彰化市,龍山里,676,692094,1024,682,389,1175,2882.49,281.55
彰化市,中山里,242,190556,787,538,317,935,876.72,111.34
彰化市,永福里,293,347089,1185,741,369,1266,4420.66,373.18
彰化市,永生里,412,296750,720,513,257,908,709.71,98.53
彰化市,桃源里,691,603904,874,520,327,904,2096.69,239.91
彰化市,大同里,349,315780,905,579,305,1026,1426.81,157.69
彰化市,東興里,578,578352,1001,630,364,1150,1287.92,128.71
彰化市,卦山里,888,811508,914,673,351,1123,1006.64,110.15
彰化市,彰安里,1016,880434,867,576,324,1038,946.08,109.18
彰化市,福安里,392,319476,815,592,308,1044,773.96,94.97
彰化市,西安里,938,895455,955,620,341,1103,1645.26,172.34
彰化市,成功里,543,512220,943,606,352,1130,1212.41,128.53
彰化市,南瑤里,2692,2348309,872,602,333,1082,1176.59,134.88
彰化市,華陽里,555,428897,773,571,342,1042,723.36,93.6
彰化市,延和里,1742,1597015,917,573,326,1057,2026.52,221.05
彰化市,延平里,2896,2706382,935,606,350,1112,1638.68,175.35
彰化市,華北里,499,420458,843,592,342,1048,1093.8,129.81
彰化市,南興里,2392,1964706,821,580,332,1048,889.07,108.24
彰化市,富貴里,309,233888,757,496,259,913,893.35,118.02
彰化市,介壽里,715,625003,874,607,349,1018,1129.09,129.17
彰化市,光南里,537,511223,952,623,324,1074,2395.39,251.62
彰化市,民權里,369,328135,889,575,323,929,1575.14,177.13
彰化市,萬壽里,292,212854,729,523,269,859,1077.81,147.86
彰化市,中央里,287,217575,758,484,268,909,963.58,127.1
彰化市,忠孝里,444,446663,1006,627,341,1171,1312.68,130.49
彰化市,五權里,1328,1026800,773,576,343,973,736.87,95.3
彰化市,西興里,1168,997236,854,600,323,1054,897.42,105.11
彰化市,忠權里,1071,896133,837,583,340,1066,798.68,95.45
彰化市,長樂里,387,321375,830,595,300,975,1025.74,123.52
彰化市,西勢里,1218,1044413,857,612,331,1114,812.12,94.71
彰化市,莿桐里,1060,810753,765,541,292,896,1414.14,184.89
彰化市,南安里,659,416868,633,446,272,782,639.78,101.14
彰化市,東芳里,1041,686308,659,502,296,803,600.68,91.11
彰化市,南美里,548,379131,692,495,301,804,690.62,99.82
彰化市,平和里,1542,1199615,778,540,319,934,808.59,103.94
彰化市,磚磘里,1054,707136,671,490,276,824,672.24,100.2
彰化市,阿夷里,2653,2177099,821,595,342,1058,769.47,93.77
彰化市,古夷里,789,506117,641,504,288,813,559.83,87.27
彰化市,寶廍里,355,235602,664,475,273,890,564.3,85.03
彰化市,茄苳里,281,196323,699,492,286,817,790.45,113.14
彰化市,茄南里,901,648869,720,527,310,911,679.24,94.32
彰化市,和調里,908,712814,785,562,344,989,717.57,91.41
彰化市,大竹里,1053,735693,699,536,327,899,583.84,83.57
彰化市,竹中里,557,384070,690,523,313,902,572.44,83.02
彰化市,安溪里,580,421774,727,574,339,930,629.27,86.53
彰化市,香山里,1049,776413,740,560,314,935,651.15,87.98
彰化市,牛埔里,895,582679,651,482,308,809,550.14,84.5
彰化市,三村里,300,190103,634,450,264,692,686.63,108.36
彰化市,國聖里,847,606900,717,503,289,863,859.96,120.02
彰化市,福山里,2249,1488647,662,512,298,832,572.33,86.47
彰化市,中庄里,829,593744,716,552,329,860,815.18,113.82
彰化市,快官里,344,301586,877,535,339,944,1430.6,163.18
彰化市,竹巷里,223,136178,611,474,304,725,467.04,76.48
彰化市,福田里,342,214142,626,462,332,798,550.72,87.95
彰化市,石牌里,326,235170,721,538,339,845,861.78,119.46
彰化市,田中里,255,170456,668,514,307,727,805.12,120.45
彰化市,建寶里,841,722261,859,633,355,1108,802.05,93.39
彰化市,復興里,1512,1141333,755,559,321,970,718.17,95.14
彰化市,臺鳳里,1455,891981,613,483,291,786,488.18,79.63
彰化市,向陽里,1569,1457352,929,653,362,1129,1144.11,123.18
彰化市,崙平里,1834,1467942,800,565,329,973,921.67,115.15
彰化市,其　他,6,4442,740,638,515,1042,522.22,70.53
彰化市,合　計,63871,52363736,820,567,324,989,1275.85,155.62
鹿港鎮,詔安里,554,307534,555,417,248,709,551.36,99.32
鹿港鎮,洋厝里,642,428706,668,486,292,768,907.89,135.96
鹿港鎮,海埔里,1016,592023,583,454,271,715,517.85,88.87
鹿港鎮,山崙里,783,474979,607,424,275,734,612.49,100.97
鹿港鎮,頭南里,593,420183,709,439,275,685,1373.5,193.84
鹿港鎮,草中里,892,572131,641,473,284,794,609.27,94.99
鹿港鎮,廖厝里,1248,802803,643,468,271,789,706.41,109.82
鹿港鎮,溝墘里,1364,984371,722,455,279,735,2607.54,361.31
鹿港鎮,頭崙里,834,583248,699,460,267,833,751.69,107.49
鹿港鎮,東石里,1200,859972,717,488,305,832,1101.47,153.7
鹿港鎮,頂番里,1199,834050,696,494,283,818,773.7,111.22
鹿港鎮,郭厝里,139,87009,626,477,251,735,562.16,89.81
鹿港鎮,玉順里,354,238874,675,459,290,796,674.85,100.01
鹿港鎮,新宮里,243,135413,557,456,221,790,489.63,87.86
鹿港鎮,順興里,247,194386,787,552,357,977,825.05,104.84
鹿港鎮,中興里,193,148742,771,440,234,818,1790.52,232.33
鹿港鎮,景福里,385,300717,781,536,278,1042,756.07,96.8
鹿港鎮,興化里,174,133570,768,592,352,932,661.54,86.18
鹿港鎮,洛津里,242,154782,640,477,297,815,545.69,85.32
鹿港鎮,街尾里,706,540202,765,554,322,895,882.34,115.31
鹿港鎮,泰興里,431,461845,1072,606,351,1078,3409.53,318.18
鹿港鎮,埔崙里,1424,1015438,713,510,308,848,1487.92,208.66
鹿港鎮,菜園里,301,192786,640,519,307,824,507.43,79.23
鹿港鎮,長興里,95,91739,966,494,247,1008,1695.73,175.6
鹿港鎮,東崎里,1405,941583,670,494,305,797,685.16,102.24
鹿港鎮,龍山里,250,160532,642,433,252,837,689.87,107.43
鹿港鎮,頂厝里,2312,1766292,764,518,303,908,1020.67,133.6
鹿港鎮,大有里,352,253555,720,491,302,906,704.88,97.86
鹿港鎮,永安里,1414,1131378,800,537,306,951,1041.37,130.15
鹿港鎮,其　他,1,2305,2305,2305,2305,2305,0,0
鹿港鎮,合　計,20993,14811148,706,488,288,825,1210.19,171.53
和美鎮,竹營里,1924,1443348,750,539,325,872,1106.69,147.52
和美鎮,和東里,1490,1197216,804,522,294,906,1299.98,161.79
和美鎮,和南里,161,112037,696,504,274,852,699.01,100.45
和美鎮,和北里,618,481109,778,503,286,914,1850.28,237.67
和美鎮,和西里,1143,884843,774,570,316,961,761.25,98.33
和美鎮,四張里,976,638745,654,481,289,785,750.5,114.68
和美鎮,頭前里,520,348021,669,502,315,827,608.54,90.93
和美鎮,還社里,261,154377,591,466,278,747,522.68,88.37
和美鎮,鎮平里,878,550393,627,473,295,774,572.81,91.38
和美鎮,大霞里,441,280015,635,453,284,756,642.69,101.22
和美鎮,源埤里,539,364110,676,507,289,858,615.19,91.07
和美鎮,南佃里,627,395839,631,458,301,739,681.21,107.9
和美鎮,雅溝里,420,268843,640,480,297,776,576.47,90.06
和美鎮,面前里,649,431998,666,475,282,796,644.67,96.85
和美鎮,山犁里,1700,1200076,706,520,304,923,622.94,88.24
和美鎮,嘉犁里,612,457891,748,522,311,803,1691.01,226.01
和美鎮,鐵山里,937,755728,807,527,330,886,1172.91,145.43
和美鎮,詔安里,685,447694,654,509,300,807,611.81,93.61
和美鎮,柑井里,1028,658475,641,493,277,833,560.42,87.49
和美鎮,竹園里,293,176408,602,481,308,721,463.7,77.02
和美鎮,新庄里,819,537462,656,491,306,824,569.83,86.83
和美鎮,犁盛里,782,552829,707,525,311,859,662.67,93.74
和美鎮,中寮里,303,192540,635,479,292,787,566.98,89.23
和美鎮,中圍里,897,556099,620,505,312,774,481.92,77.74
和美鎮,糖友里,1369,1044531,763,603,352,992,609.61,79.9
和美鎮,塗厝里,571,382889,671,479,297,780,665.63,99.26
和美鎮,地潭里,265,166578,629,498,308,822,483.2,76.87
和美鎮,湖內里,391,234174,599,469,291,717,524.56,87.59
和美鎮,嘉寶里,596,370270,621,441,265,713,674.91,108.64
和美鎮,月眉里,1040,622570,599,455,282,718,631.14,105.43
和美鎮,好修里,541,316953,586,459,268,713,615.04,104.98
和美鎮,仁愛里,790,556465,704,506,310,837,788.73,111.97
和美鎮,其　他,1,352,352,352,352,352,0,0
和美鎮,合　計,24267,16780875,692,505,301,835,851.06,123.07
北斗鎮,光復里,481,369033,767,584,337,965,662.68,86.37
北斗鎮,新政里,288,228988,795,557,305,1013,779.99,98.1
北斗鎮,重慶里,151,108226,717,519,310,929,672.72,93.86
北斗鎮,五權里,186,117257,630,537,320,798,483.04,76.62
北斗鎮,七星里,355,253571,714,536,312,900,605.91,84.83
北斗鎮,居仁里,391,294470,753,585,335,969,659.48,87.57
北斗鎮,東光里,546,367365,673,539,299,897,543.57,80.79
北斗鎮,中和里,276,184354,668,498,309,772,622.85,93.25
北斗鎮,文昌里,784,550775,703,548,313,870,665.84,94.78
北斗鎮,西德里,1303,965379,741,549,321,929,817.1,110.29
北斗鎮,西安里,451,351087,778,576,337,934,728.52,93.58
北斗鎮,中寮里,579,407261,703,525,311,903,613.6,87.24
北斗鎮,大道里,437,324435,742,532,313,967,659.05,88.77
北斗鎮,新生里,447,274003,613,476,278,736,579.69,94.57
北斗鎮,大新里,423,281107,665,526,335,819,527.69,79.41
北斗鎮,其　他,3,1500,500,290,280,615,381.63,76.32
北斗鎮,合　計,7101,5078811,715,541,314,901,672.33,94
員林鎮,東和里,320,267124,835,530,316,931,1196.02,143.28
員林鎮,民生里,815,583814,716,536,302,877,818.31,114.23
員林鎮,中正里,1062,893265,841,627,361,1060,755.96,89.88
員林鎮,新興里,224,170649,762,608,349,934,650.1,85.34
員林鎮,仁美里,871,784702,901,615,342,1061,920.79,102.21
員林鎮,和平里,984,781385,794,566,310,958,851.04,107.17
員林鎮,光明里,277,208277,752,504,301,889,1180.67,157.02
員林鎮,中山里,221,203149,919,617,338,1082,1101.93,119.88
員林鎮,黎明里,535,474084,886,526,296,865,2870.59,323.94
員林鎮,惠來里,1737,1406805,810,577,343,993,829.55,102.43
員林鎮,三義里,792,588195,743,543,312,917,822.16,110.7
員林鎮,南平里,1486,1198682,807,583,341,996,800.45,99.23
員林鎮,大埔里,541,341592,631,522,319,791,492.57,78.01
員林鎮,源潭里,475,323489,681,514,337,822,626.06,91.93
員林鎮,三條里,832,730152,878,611,355,1039,927.28,105.66
員林鎮,三橋里,953,721473,757,557,348,947,638.17,84.3
員林鎮,溝皂里,707,581542,823,554,340,934,1376.34,167.33
員林鎮,中央里,586,415098,708,549,311,898,633.06,89.37
員林鎮,大饒里,888,627470,707,538,325,861,614.7,86.99
員林鎮,大明里,605,404873,669,518,318,829,552.03,82.49
員林鎮,萬年里,1062,859070,809,561,326,1000,830.85,102.71
員林鎮,崙雅里,690,418304,606,481,298,769,486.26,80.21
員林鎮,振興里,716,473441,661,507,312,849,578.15,87.44
員林鎮,林厝里,690,476665,691,515,311,790,1950.64,282.37
員林鎮,出水里,365,228547,626,526,318,796,450.2,71.9
員林鎮,湖水里,271,174709,645,516,329,749,527,81.75
員林鎮,大峰里,189,111995,593,468,276,711,510.32,86.12
員林鎮,鎮興里,452,287782,637,533,323,815,500.65,78.63
員林鎮,浮圳里,626,437431,699,534,319,861,683.72,97.85
員林鎮,西東里,538,344656,641,492,299,779,617.49,96.39
員林鎮,南東里,487,305406,627,509,299,785,524.38,83.62
員林鎮,中東里,442,310103,702,521,327,787,767.34,109.37
員林鎮,東北里,639,396339,620,503,303,786,493.22,79.52
員林鎮,新生里,1375,1435597,1044,552,306,934,4997.37,478.64
員林鎮,三和里,1933,1695068,877,598,338,1075,1226.61,139.88
員林鎮,南興里,1359,916205,674,524,326,843,554.42,82.24
員林鎮,三愛里,965,964218,999,615,352,1029,2252,225.38
員林鎮,三信里,768,734160,956,642,367,1191,1124.28,117.61
員林鎮,三多里,881,2881014,3270,626,343,1156,40079.02,1225.6
員林鎮,仁愛里,505,495542,981,609,350,1360,1097.9,111.89
員林鎮,忠孝里,676,569772,843,620,357,1104,917.31,108.83
員林鎮,其　他,6,3137,523,469,391,790,341.64,65.34
員林鎮,合　計,30546,26224980,859,557,327,933,6968.9,811.71
溪湖鎮,光平里,350,241745,691,499,285,885,651.85,94.38
溪湖鎮,平和里,237,183043,772,568,314,981,732.41,94.83
溪湖鎮,太平里,511,398873,781,529,319,968,855.2,109.56
溪湖鎮,光華里,136,113609,835,528,327,897,1722.87,206.24
溪湖鎮,東寮里,945,703594,745,514,309,905,802.44,107.78
溪湖鎮,西寮里,600,423971,707,532,299,849,659.94,93.39
溪湖鎮,大突里,897,684057,763,553,305,939,772.44,101.29
溪湖鎮,北勢里,305,185588,608,486,264,769,510.57,83.91
溪湖鎮,汴頭里,721,524781,728,548,357,875,613.78,84.33
溪湖鎮,大竹里,703,535458,762,583,364,952,653.19,85.76
溪湖鎮,湖西里,637,468666,736,557,340,939,635.29,86.35
溪湖鎮,田中里,171,98695,577,504,255,797,407.09,70.53
溪湖鎮,河東里,415,230028,554,435,257,669,476.64,85.99
溪湖鎮,中山里,575,370774,645,512,302,803,534.55,82.9
溪湖鎮,中竹里,232,130676,563,437,294,645,468.22,83.13
溪湖鎮,東溪里,306,199347,651,457,274,785,725.2,111.32
溪湖鎮,西溪里,530,334412,631,492,296,779,542.57,85.99
溪湖鎮,湖東里,1266,919403,726,547,323,904,623.55,85.86
溪湖鎮,頂庄里,155,90885,586,454,295,702,478.39,81.59
溪湖鎮,忠覺里,339,218742,645,517,302,794,544.04,84.31
溪湖鎮,湳底里,147,115747,787,512,315,944,1178.77,149.71
溪湖鎮,大庭里,344,208386,606,491,288,766,486.52,80.31
溪湖鎮,媽厝里,235,152534,649,501,294,803,629.54,96.99
溪湖鎮,西勢里,517,348172,673,487,303,829,625.75,92.92
溪湖鎮,番婆里,409,249537,610,487,306,769,496.27,81.34
溪湖鎮,其　他,7,4644,663,553,431,870,358.91,54.09
溪湖鎮,合　計,11690,8135368,696,516,308,861,677.85,97.4
田中鎮,香山里,191,115967,607,478,273,757,483.43,79.62
田中鎮,碧峰里,213,147882,694,585,359,867,559.68,80.61
田中鎮,東源里,168,104591,623,511,313,780,438.99,70.51
田中鎮,復興里,397,251169,633,539,351,789,433.02,68.44
田中鎮,平和里,359,224261,625,515,338,763,420.93,67.38
田中鎮,頂潭里,353,248725,705,573,352,851,623.53,88.49
田中鎮,中潭里,474,309522,653,523,314,847,528.99,81.01
田中鎮,龍潭里,138,82985,601,526,308,712,493.77,82.11
田中鎮,北路里,976,738610,757,591,336,957,663.14,87.63
田中鎮,西路里,695,506544,729,552,342,952,569.8,78.18
田中鎮,東路里,281,201045,715,539,307,914,618.89,86.5
田中鎮,南路里,346,244441,706,550,305,899,714.25,101.1
田中鎮,中路里,632,480121,760,607,356,982,589.84,77.64
田中鎮,新庄里,633,460041,727,597,379,948,563.32,77.51
田中鎮,三安里,362,210939,583,456,304,716,568.58,97.58
田中鎮,大崙里,292,194017,664,498,305,813,699.1,105.22
田中鎮,沙崙里,475,315359,664,521,324,759,634.02,95.5
田中鎮,新民里,1212,848612,700,586,350,913,505.19,72.15
田中鎮,梅州里,317,201294,635,519,329,829,491.51,77.4
田中鎮,三民里,382,238327,624,487,327,796,471.23,75.53
田中鎮,三光里,192,129960,677,492,314,739,1002.12,148.05
田中鎮,大社里,217,122174,563,429,291,671,480.24,85.3
田中鎮,其　他,2,2271,1135,1135,719,1552,1177.26,103.69
田中鎮,合　計,9307,6378858,685,542,331,869,580.01,84.63
二林鎮,東和里,558,468614,840,592,345,1061,837.52,99.73
二林鎮,南光里,932,748007,803,622,368,1020,696.12,86.74
二林鎮,西平里,331,217459,657,521,313,850,493.65,75.14
二林鎮,北平里,743,544493,733,567,354,933,622.71,84.97
二林鎮,中西里,305,207984,682,526,330,885,566.55,83.08
二林鎮,廣興里,273,165206,605,484,294,802,486.27,80.36
二林鎮,香田里,219,143742,656,526,334,695,589.86,89.87
二林鎮,外竹里,190,117109,616,461,314,717,628.47,101.96
二林鎮,興華里,236,158391,671,568,329,888,459.23,68.42
二林鎮,東興里,307,219307,714,513,328,835,675.2,94.52
二林鎮,後厝里,851,640210,752,588,365,997,596.55,79.3
二林鎮,豐田里,546,408193,748,557,333,963,729.62,97.59
二林鎮,頂厝里,258,165349,641,530,380,788,439.31,68.55
二林鎮,趙甲里,267,178705,669,531,308,840,627.29,93.72
二林鎮,振興里,216,134017,620,477,286,768,543.35,87.57
二林鎮,萬興里,176,128199,728,500,343,851,688.22,94.48
二林鎮,永興里,341,213902,627,480,301,761,556.13,88.66
二林鎮,西庄里,272,170731,628,488,306,727,616.72,98.25
二林鎮,梅芳里,197,120434,611,484,272,776,565.64,92.52
二林鎮,華崙里,824,515847,626,472,298,772,564.06,90.1
二林鎮,東勢里,193,122486,635,492,305,726,528.82,83.32
二林鎮,大永里,161,95073,591,497,321,773,413.12,69.96
二林鎮,萬合里,207,140327,678,518,351,835,530.8,78.3
二林鎮,原斗里,291,183691,631,517,349,822,427.87,67.78
二林鎮,西斗里,233,154282,662,504,326,874,563.67,85.13
二林鎮,東華里,199,131223,659,494,299,870,545.36,82.7
二林鎮,復豐里,122,70278,576,467,294,760,413.29,71.75
二林鎮,其　他,1,1171,1171,1171,1171,1171,0,0
二林鎮,合　計,9449,6564430,695,532,329,876,611.41,88.01
線西鄉,線西村,666,426596,641,490,294,757,660.94,103.18
線西鄉,頂庄村,350,190566,544,413,277,686,452.95,83.19
線西鄉,寓埔村,657,414016,630,480,288,748,631.74,100.25
線西鄉,塭仔村,401,250392,624,460,296,746,613.91,98.32
線西鄉,溝內村,312,184876,593,457,282,767,484.67,81.79
線西鄉,下犁村,561,341769,609,434,276,727,638.29,104.77
線西鄉,頂犁村,742,495525,668,502,286,808,621.58,93.07
線西鄉,德興村,429,264265,616,476,286,760,620.08,100.66
線西鄉,其　他,2,602,301,301,273,329,79.97,26.55
線西鄉,合　計,4120,2568608,623,468,285,753,609.71,97.8
伸港鄉,新港村,1636,1088222,665,498,289,850,619.25,93.1
伸港鄉,什股村,486,285374,587,446,276,701,503.14,85.69
伸港鄉,海尾村,552,324626,588,447,281,742,552.02,93.87
伸港鄉,全興村,411,254827,620,468,276,754,643.16,103.73
伸港鄉,溪底村,521,359623,690,484,298,755,1289.05,186.75
伸港鄉,定興村,834,468574,562,442,260,717,522.82,93.06
伸港鄉,泉州村,605,350870,580,464,284,730,460.42,79.39
伸港鄉,泉厝村,386,245265,635,501,304,773,588.07,92.55
伸港鄉,曾家村,457,256265,561,439,273,696,476.14,84.91
伸港鄉,蚵寮村,267,166336,623,478,292,746,683.76,109.76
伸港鄉,埤墘村,412,246569,598,457,287,749,503.92,84.2
伸港鄉,七嘉村,844,525924,623,475,302,758,553.5,88.83
伸港鄉,汴頭村,702,429221,611,444,278,700,736.46,120.45
伸港鄉,大同村,495,318167,643,518,310,827,536.56,83.48
伸港鄉,其　他,4,2961,740,534,253,1021,659.67,89.11
伸港鄉,合　計,8612,5322823,618,469,285,757,643.64,104.14
福興鄉,福興村,1050,662686,631,485,289,755,599.97,95.06
福興鄉,外中村,341,221331,649,514,311,802,585.26,90.17
福興鄉,元中村,362,243251,672,459,290,823,618.09,91.98
福興鄉,大崙村,327,236687,724,521,311,859,795.48,109.9
福興鄉,外埔村,401,284262,709,517,298,854,726.52,102.49
福興鄉,三汴村,460,317782,691,498,294,806,723.7,104.76
福興鄉,萬豐村,287,216462,754,516,338,806,1467.48,194.57
福興鄉,番社村,379,260496,687,532,342,823,598.54,87.08
福興鄉,社尾村,369,225419,611,470,296,753,526.75,86.23
福興鄉,番婆村,635,432169,681,463,284,733,1137.87,167.19
福興鄉,橋頭村,820,600280,732,494,294,830,920.65,125.76
福興鄉,秀厝村,563,324666,577,426,259,691,650.19,112.75
福興鄉,鎮平村,287,184600,643,455,305,778,661.16,102.79
福興鄉,三和村,233,170241,731,531,285,836,1086.15,148.66
福興鄉,麥厝村,544,332478,611,473,291,738,539.44,88.26
福興鄉,廈粘村,553,325018,588,466,275,730,512.42,87.19
福興鄉,頂粘村,605,427751,707,463,280,757,995.26,140.77
福興鄉,福寶村,326,192191,590,414,268,675,598.02,101.44
福興鄉,二港村,366,227903,623,488,287,747,550.33,88.38
福興鄉,福南村,748,488598,653,474,288,743,758.02,116.05
福興鄉,西勢村,544,367715,676,477,284,743,1001.43,148.15
福興鄉,同安村,665,426589,641,471,283,737,713.1,111.16
福興鄉,其　他,7,11438,1634,1181,831,1870,1260.99,77.17
福興鄉,合　計,10872,7180011,660,478,290,768,789.46,119.54
秀水鄉,秀水村,491,335504,683,481,270,812,735.96,107.71
秀水鄉,安溪村,627,473757,756,587,332,952,692.19,91.61
秀水鄉,莊雅村,817,545010,667,494,292,807,589.46,88.36
秀水鄉,陜西村,403,251199,623,475,292,826,503,80.7
秀水鄉,金興村,462,298839,647,482,306,755,636.67,98.43
秀水鄉,安東村,1228,848255,691,511,287,837,761.28,110.21
秀水鄉,鶴鳴村,943,671703,712,493,305,828,864.25,121.33
秀水鄉,馬興村,650,461999,711,524,299,827,853.32,120.06
秀水鄉,義興村,377,248656,660,465,273,745,708.28,107.39
秀水鄉,福安村,1373,1013755,738,550,317,891,726.45,98.39
秀水鄉,埔崙村,636,462258,727,564,307,916,639.38,87.97
秀水鄉,曾厝村,505,309260,612,464,283,758,557.08,90.97
秀水鄉,金陵村,491,309847,631,486,312,800,528.03,83.67
秀水鄉,下崙村,617,418499,678,465,283,800,857.88,126.48
秀水鄉,其　他,4,3611,903,622,458,1067,872.95,96.69
秀水鄉,合　計,9624,6652153,691,509,300,834,718.05,103.88
花壇鄉,花壇村,1007,703478,699,526,301,834,741.09,106.08
花壇鄉,金墩村,527,333450,633,462,282,773,574.86,90.85
花壇鄉,中庄村,679,449725,662,494,290,771,670.19,101.19
花壇鄉,劉厝村,304,197821,651,512,284,826,619.54,95.21
花壇鄉,崙雅村,414,256301,619,474,274,788,594.41,96.01
花壇鄉,南口村,514,364350,709,545,322,895,686.16,96.8
花壇鄉,岩竹村,336,208728,621,474,281,742,526.16,84.7
花壇鄉,橋頭村,1058,650274,615,476,278,767,571.25,92.94
花壇鄉,灣雅村,247,142958,579,466,283,743,517.66,89.44
花壇鄉,灣東村,233,158595,681,495,299,824,620.83,91.21
花壇鄉,三春村,505,284270,563,458,281,658,495.05,87.94
花壇鄉,永春村,510,323056,633,508,317,771,683.59,107.92
花壇鄉,長春村,443,272193,614,487,298,748,487.1,79.28
花壇鄉,中口村,208,136015,654,488,284,751,616.72,94.31
花壇鄉,北口村,573,360757,630,454,284,786,566.31,89.95
花壇鄉,長沙村,1620,1146873,708,521,298,881,687.26,97.08
花壇鄉,文德村,882,549499,623,496,310,764,517.79,83.11
花壇鄉,白沙村,1405,1341081,955,535,313,950,2121.32,222.24
花壇鄉,其　他,2,681,341,341,323,358,50.31,14.77
花壇鄉,合　計,11467,7880106,687,497,296,808,948.17,137.98
芬園鄉,社口村,682,433795,636,504,293,794,508.59,79.96
芬園鄉,竹林村,447,284030,635,486,309,785,564.51,88.84
芬園鄉,楓坑村,135,74766,554,411,298,648,452.74,81.75
芬園鄉,芬園村,239,130980,548,479,292,701,359.7,65.63
芬園鄉,大埔村,328,188159,574,449,272,758,445.71,77.7
芬園鄉,舊社村,426,256835,603,477,292,734,496.95,82.43
芬園鄉,進芬村,242,160351,663,497,316,806,613.13,92.53
芬園鄉,茄荖村,628,383995,611,479,289,760,510.54,83.5
芬園鄉,嘉興村,386,241835,627,492,287,772,523.89,83.62
芬園鄉,縣庄村,308,193547,628,507,320,775,574.18,91.37
芬園鄉,圳墘村,136,99256,730,506,334,779,746.05,102.22
芬園鄉,溪頭村,406,241249,594,490,293,746,514.98,86.67
芬園鄉,同安村,239,141232,591,492,317,809,402.36,68.09
芬園鄉,中崙村,213,126151,592,491,317,777,429.86,72.58
芬園鄉,大竹村,210,134992,643,470,301,762,603.21,93.84
芬園鄉,其　他,1,355,355,355,355,355,0,0
芬園鄉,合　計,5026,3091529,615,485,298,769,518.22,84.25
大村鄉,大村村,846,576099,681,527,318,858,550.7,80.87
大村鄉,田洋村,269,171527,638,524,332,804,601.27,94.3
大村鄉,南勢村,326,200173,614,494,267,730,526.26,85.71
大村鄉,貢旗村,372,230404,619,451,287,669,711.27,114.84
大村鄉,茄苳村,401,262921,656,496,274,797,624.35,95.22
大村鄉,加錫村,350,211849,605,486,268,761,533.45,88.13
大村鄉,大崙村,348,203217,584,487,259,748,427.88,73.27
大村鄉,新興村,267,153873,576,466,288,736,437.42,75.9
大村鄉,擺塘村,673,434397,645,493,294,793,551.09,85.38
大村鄉,村上村,403,261450,649,533,317,810,551.48,85.01
大村鄉,美港村,938,5562428,5930,524,300,823,88313.38,1489.24
大村鄉,過溝村,722,515037,713,573,331,898,574.42,80.52
大村鄉,大橋村,507,321398,634,463,281,784,667.76,105.34
大村鄉,黃厝村,532,337702,635,482,298,802,513.06,80.83
大村鄉,福興村,542,317802,586,454,288,707,585.84,99.91
大村鄉,平和村,657,404269,615,469,289,757,534.98,86.94
大村鄉,其　他,1,1162,1162,1162,1162,1162,0,0
大村鄉,合　計,8154,10165709,1247,499,296,794,29991.34,2405.63
埔鹽鄉,埔鹽村,495,332278,671,534,316,779,634.42,94.51
埔鹽鄉,埔南村,481,304846,634,483,292,788,617.07,97.36
埔鹽鄉,廍子村,379,228618,603,456,275,751,539.14,89.38
埔鹽鄉,出水村,275,179211,652,502,276,827,656.79,100.79
埔鹽鄉,南港村,433,266538,616,482,299,790,533.28,86.63
埔鹽鄉,打廉村,232,149585,645,514,284,809,560.27,86.89
埔鹽鄉,豐澤村,349,204707,587,449,287,760,485.1,82.7
埔鹽鄉,崑崙村,313,229950,735,515,297,824,994.44,135.36
埔鹽鄉,角樹村,195,112819,579,457,283,754,431.28,74.54
埔鹽鄉,瓦磘村,323,214797,665,515,332,805,602.23,90.56
埔鹽鄉,好修村,499,314645,631,473,303,794,534.23,84.72
埔鹽鄉,西湖村,498,320012,643,473,297,758,658.52,102.48
埔鹽鄉,大有村,311,184873,594,462,305,688,472.51,79.49
埔鹽鄉,新興村,112,83435,745,568,295,956,666.12,89.42
埔鹽鄉,永平村,276,170762,619,500,286,802,526.57,85.11
埔鹽鄉,永樂村,232,159143,686,469,267,865,667.98,97.38
埔鹽鄉,石埤村,276,146534,531,426,267,650,417.95,78.72
埔鹽鄉,天盛村,195,126768,650,480,311,746,648.09,99.69
埔鹽鄉,太平村,336,202449,603,435,276,713,731.08,121.33
埔鹽鄉,新水村,347,226097,652,472,280,806,665.51,102.14
埔鹽鄉,三省村,302,191364,634,509,294,760,552.63,87.21
埔鹽鄉,南新村,297,185857,626,479,295,814,579.26,92.57
埔鹽鄉,其　他,3,1071,357,433,296,456,172.72,48.39
埔鹽鄉,合　計,7159,4536359,634,480,292,778,610.67,96.37
埔心鄉,東門村,996,675135,678,516,311,851,594.68,87.73
埔心鄉,埔心村,325,208858,643,497,318,778,599.63,93.31
埔心鄉,義民村,408,280937,689,535,330,846,577.97,83.94
埔心鄉,油車村,329,193495,588,473,288,749,442.7,75.27
埔心鄉,瓦北村,486,340138,700,488,294,794,711.65,101.68
埔心鄉,瓦中村,551,332815,604,457,293,727,495.34,82.01
埔心鄉,瓦南村,375,237957,635,489,315,777,533.25,84.04
埔心鄉,太平村,560,348099,622,470,298,767,529.42,85.17
埔心鄉,經口村,631,485620,770,549,315,907,2308.62,299.97
埔心鄉,大華村,121,81347,672,475,281,815,623.9,92.8
埔心鄉,仁里村,286,175297,613,475,319,734,500.6,81.67
埔心鄉,舊館村,427,297081,696,493,302,839,724.9,104.19
埔心鄉,南館村,267,157580,590,465,300,726,454.5,77.01
埔心鄉,新館村,191,107382,562,428,277,651,465.3,82.76
埔心鄉,羅厝村,280,154779,553,477,305,696,364.92,66.02
埔心鄉,芎蕉村,466,289771,622,494,332,745,481.42,77.42
埔心鄉,梧鳳村,203,115275,568,493,301,721,443.28,78.06
埔心鄉,二重村,330,207499,629,496,296,755,551.36,87.69
埔心鄉,埤霞村,217,124803,575,468,275,714,443.14,77.05
埔心鄉,埤腳村,207,115430,558,425,278,700,479.03,85.9
埔心鄉,其　他,4,3536,884,534,427,991,879.62,99.49
埔心鄉,合　計,7660,4932837,644,491,302,787,848.22,131.72
永靖鄉,永東村,197,130080,660,528,300,841,512.86,77.67
永靖鄉,永西村,463,346546,748,531,302,900,908.73,121.41
永靖鄉,永北村,602,418860,696,523,322,821,684.52,98.38
永靖鄉,永南村,518,331480,640,496,298,764,601.86,94.05
永靖鄉,港西村,484,297962,616,487,314,812,460.04,74.73
永靖鄉,五福村,349,218537,626,520,311,750,510.55,81.53
永靖鄉,湳港村,291,181138,622,471,267,763,575.39,92.44
永靖鄉,新莊村,241,148624,617,443,289,757,540.06,87.57
永靖鄉,浮圳村,287,175440,611,484,331,760,457.81,74.89
永靖鄉,瑚璉村,699,433668,620,483,287,781,511.3,82.41
永靖鄉,五汴村,445,331518,745,508,291,869,1030.01,138.26
永靖鄉,光雲村,410,259283,632,505,292,789,515.18,81.46
永靖鄉,東寧村,449,280771,625,470,282,763,563.74,90.15
永靖鄉,永興村,436,302596,694,518,327,819,945.27,136.2
永靖鄉,崙子村,399,269834,676,498,323,837,625.09,92.43
永靖鄉,獨鰲村,209,128015,613,484,299,770,581.36,94.91
永靖鄉,敦厚村,183,117109,640,510,325,832,493.69,77.15
永靖鄉,崙美村,156,91539,587,455,281,655,534.94,91.16
永靖鄉,同安村,180,109468,608,455,303,747,532.34,87.53
永靖鄉,同仁村,186,111025,597,454,280,760,503.81,84.4
永靖鄉,四芳村,149,83728,562,474,328,753,377.3,67.14
永靖鄉,湳墘村,183,102907,562,461,272,714,470.08,83.59
永靖鄉,福興村,251,177252,706,506,327,851,703.97,99.69
永靖鄉,竹子村,278,164339,591,491,318,699,439.69,74.38
永靖鄉,其　他,5,2123,425,434,305,529,138.15,32.53
永靖鄉,合　計,8050,5213844,648,496,302,793,638.84,98.64
社頭鄉,社頭村,786,561423,714,553,331,870,608.63,85.21
社頭鄉,廣興村,1336,808505,605,491,318,745,501.18,82.82
社頭鄉,仁雅村,819,567952,693,549,334,854,576.74,83.17
社頭鄉,崙雅村,263,186577,709,512,302,890,658.21,92.78
社頭鄉,美雅村,311,203335,654,553,327,821,461.32,70.56
社頭鄉,里仁村,268,172368,643,512,334,820,479.87,74.61
社頭鄉,舊社村,384,240709,627,472,264,761,606.45,96.75
社頭鄉,松竹村,273,175167,642,510,309,809,504.97,78.7
社頭鄉,東興村,375,225816,602,500,322,718,441.53,73.32
社頭鄉,廣福村,239,156829,656,483,334,796,588.06,89.62
社頭鄉,橋頭村,508,357200,703,498,302,788,887.35,126.2
社頭鄉,湳底村,404,240558,595,469,279,750,489.3,82.17
社頭鄉,新厝村,363,244817,674,535,314,835,544.97,80.8
社頭鄉,張厝村,315,189592,602,484,286,764,492.27,81.79
社頭鄉,埤斗村,244,152959,627,515,319,742,599.22,95.59
社頭鄉,清水村,305,204898,672,486,302,758,1015.4,151.15
社頭鄉,山湖村,288,188257,654,481,320,791,603.45,92.32
社頭鄉,朝興村,272,183902,676,505,347,822,555.93,82.23
社頭鄉,仁和村,187,126455,676,506,325,826,528.95,78.22
社頭鄉,泰安村,261,173311,664,485,323,777,590.65,88.95
社頭鄉,平和村,241,144053,598,510,310,737,442.11,73.96
社頭鄉,龍井村,207,114347,552,479,292,757,366.84,66.41
社頭鄉,湳雅村,365,245240,672,538,368,829,526.74,78.4
社頭鄉,協和村,542,337594,623,521,347,756,476.42,76.49
社頭鄉,其　他,5,3819,764,562,497,717,579.94,75.93
社頭鄉,合　計,9561,6205682,649,510,318,790,581.48,89.59
二水鄉,十五村,174,102512,589,514,360,738,465.44,79
二水鄉,合和村,204,123020,603,442,283,781,529.68,87.84
二水鄉,上豊村,230,132983,578,520,293,760,376.09,65.05
二水鄉,過圳村,151,83096,550,456,308,667,431,78.32
二水鄉,五伯村,148,107499,726,525,319,817,739.06,101.75
二水鄉,光化村,294,213772,727,554,362,953,616.51,84.79
二水鄉,文化村,278,214626,772,577,342,938,808.3,104.7
二水鄉,二水村,247,175509,711,567,350,948,519.48,73.11
二水鄉,聖化村,132,92673,702,569,356,870,505.52,72
二水鄉,裕民村,254,176165,694,559,379,904,487.91,70.35
二水鄉,惠民村,189,125506,664,552,358,893,444.62,66.96
二水鄉,大園村,186,116371,626,534,322,786,472.93,75.59
二水鄉,修仁村,192,126404,658,539,336,842,537.48,81.64
二水鄉,源泉村,144,117628,817,640,362,1037,756.95,92.67
二水鄉,倡和村,118,66046,560,455,325,660,382.44,68.33
二水鄉,復興村,229,140792,615,502,300,795,461.42,75.05
二水鄉,合興村,142,88363,622,518,334,731,462.14,74.27
二水鄉,其　他,4,3340,835,862,567,1130,413.32,49.49
二水鄉,合　計,3316,2206305,665,531,335,848,553.75,83.23
田尾鄉,田尾村,270,179758,666,464,267,810,709.5,106.57
田尾鄉,豐田村,138,82258,596,494,305,748,469.13,78.7
田尾鄉,饒平村,663,493839,745,542,315,926,669.34,89.86
田尾鄉,北曾村,368,251423,683,508,318,784,790.47,115.7
田尾鄉,南曾村,319,222836,699,510,318,825,758.37,108.56
田尾鄉,睦宜村,226,136858,606,462,293,699,544.82,89.97
田尾鄉,新生村,325,208085,640,499,316,782,571.91,89.32
田尾鄉,北鎮村,312,190029,609,473,282,751,504.26,82.79
田尾鄉,南鎮村,122,76137,624,538,334,834,455.61,73.01
田尾鄉,福田村,191,128222,671,537,312,834,550.62,82.02
田尾鄉,新興村,283,187607,663,495,341,777,552.76,83.38
田尾鄉,打簾村,317,200245,632,500,288,798,532.04,84.23
田尾鄉,溪畔村,296,208622,705,520,311,897,652.2,92.54
田尾鄉,柳鳳村,181,119155,658,506,306,779,645.45,98.05
田尾鄉,陸豐村,171,112389,657,518,320,795,692.89,105.42
田尾鄉,海豐村,279,193031,692,504,312,734,954.46,137.95
田尾鄉,仁里村,351,198435,565,469,302,715,390.92,69.15
田尾鄉,新厝村,55,30330,551,421,295,612,429.13,77.82
田尾鄉,溪頂村,184,111724,607,427,253,709,728.29,119.94
田尾鄉,正義村,228,195626,858,585,324,941,1386.36,161.58
田尾鄉,其　他,2,1239,620,620,530,709,254.32,41.05
田尾鄉,合　計,5281,3527848,668,504,304,803,693.39,103.8
埤頭鄉,和豊村,553,362379,655,503,298,796,606.63,92.57
埤頭鄉,興農村,398,252299,634,473,285,791,594.31,93.75
埤頭鄉,埤頭村,413,275612,667,528,297,813,559.86,83.89
埤頭鄉,豊崙村,553,357062,646,500,309,786,583.31,90.34
埤頭鄉,永豊村,352,245698,698,536,333,830,634.63,90.92
埤頭鄉,崙子村,324,218275,674,549,325,830,528.45,78.44
埤頭鄉,合興村,878,609479,694,535,330,873,577.9,83.25
埤頭鄉,平原村,500,339246,678,524,305,883,591.56,87.19
埤頭鄉,崙腳村,173,123286,713,531,304,843,661.88,92.88
埤頭鄉,元埔村,116,101295,873,561,331,963,1890.23,216.46
埤頭鄉,芙朝村,351,232001,661,510,331,804,543.78,82.27
埤頭鄉,新庄村,248,174060,702,513,329,786,694.36,98.93
埤頭鄉,陸嘉村,169,113925,674,516,339,867,718.54,106.59
埤頭鄉,竹圍村,222,153081,690,555,332,894,561.43,81.42
埤頭鄉,中和村,319,214576,673,524,312,841,595.01,88.46
埤頭鄉,庄內村,211,150586,714,513,313,754,1406.08,197.02
埤頭鄉,大湖村,216,133064,616,506,314,704,466.5,75.73
埤頭鄉,其　他,1,311,311,311,311,311,0,0
埤頭鄉,合　計,5997,4056236,676,518,312,828,684.26,101.16
芳苑鄉,芳苑村,151,96137,637,522,342,761,584.7,91.84
芳苑鄉,芳中村,65,37658,579,534,367,766,335.44,57.9
芳苑鄉,仁愛村,141,108101,767,598,312,1008,640.47,83.54
芳苑鄉,信義村,90,65202,724,526,340,687,859.56,118.65
芳苑鄉,後寮村,200,126855,634,481,327,776,578.97,91.28
芳苑鄉,三合村,495,323814,654,502,328,823,620.42,94.84
芳苑鄉,永興村,207,127124,614,485,306,737,529.11,86.16
芳苑鄉,頂廍村,96,66898,697,467,333,813,697.15,100.04
芳苑鄉,五俊村,75,44669,596,464,310,644,980.51,164.63
芳苑鄉,王功村,335,196242,586,483,304,763,430.27,73.45
芳苑鄉,博愛村,107,66032,617,496,332,807,414.7,67.2
芳苑鄉,和平村,107,56323,526,415,264,640,462.55,87.87
芳苑鄉,興仁村,187,116835,625,488,328,758,530.59,84.92
芳苑鄉,民生村,121,73973,611,468,328,756,557.79,91.24
芳苑鄉,新寶村,235,124747,531,445,293,643,412.21,77.65
芳苑鄉,漢寶村,613,373279,609,452,282,697,674.31,110.74
芳苑鄉,路上村,106,64299,607,519,342,787,391.44,64.53
芳苑鄉,路平村,130,89143,686,516,352,929,501.06,73.07
芳苑鄉,三成村,167,97678,585,500,273,781,467.88,79.99
芳苑鄉,福榮村,100,63675,637,557,318,817,457.65,71.87
芳苑鄉,新街村,125,79667,637,534,342,780,521.27,81.79
芳苑鄉,草湖村,268,170616,637,515,308,781,547.7,86.03
芳苑鄉,建平村,355,212406,598,485,280,795,489.75,81.85
芳苑鄉,新生村,189,105632,559,424,279,654,655.15,117.22
芳苑鄉,文津村,150,84128,561,481,326,732,360.29,64.24
芳苑鄉,崙腳村,125,73042,584,425,264,725,581.66,99.54
芳苑鄉,其　他,4,1685,421,436,272,586,212.08,50.33
芳苑鄉,合　計,4944,3045861,616,483,306,765,565.66,91.82
大城鄉,潭墘村,216,150924,699,556,316,886,609.36,87.21
大城鄉,上山村,185,109139,590,464,307,731,471.48,79.92
大城鄉,東城村,297,188329,634,480,324,821,551.53,86.98
大城鄉,大城村,234,144285,617,517,352,789,467.56,75.83
大城鄉,西城村,178,104796,589,468,302,736,468.88,79.64
大城鄉,山腳村,201,127265,633,518,296,801,529.8,83.68
大城鄉,永和村,112,71749,641,536,305,756,478.31,74.67
大城鄉,菜寮村,184,115700,629,511,288,828,465.85,74.09
大城鄉,公館村,153,101078,661,536,366,838,484.22,73.3
大城鄉,頂庄村,107,70894,663,518,338,946,493.46,74.48
大城鄉,臺西村,128,73074,571,456,282,738,521.48,91.34
大城鄉,東港村,191,115249,603,490,308,775,471.39,78.12
大城鄉,西港村,141,83112,589,504,305,741,449.2,76.21
大城鄉,豐美村,145,90818,626,496,360,768,513.93,82.05
大城鄉,三豐村,80,57526,719,543,294,937,739.79,102.88
大城鄉,其　他,0,0,0,0,0,0,0,0
大城鄉,合　計,2552,1603940,629,504,315,801,513.62,81.72
竹塘鄉,竹元村,249,168745,678,501,325,816,704.82,104
竹塘鄉,竹塘村,479,340436,711,584,345,918,526.39,74.06
竹塘鄉,小西村,155,118345,764,614,381,890,797.13,104.4
竹塘鄉,五庄村,282,175173,621,470,286,793,553.71,89.14
竹塘鄉,樹腳村,118,65504,555,517,329,657,362.5,65.3
竹塘鄉,田頭村,217,147366,679,537,328,839,573.25,84.41
竹塘鄉,新廣村,233,159816,686,540,335,815,583.93,85.13
竹塘鄉,溪墘村,73,48585,666,580,387,837,460.79,69.24
竹塘鄉,竹林村,137,85581,625,489,336,732,491.55,78.69
竹塘鄉,土庫村,89,55910,628,491,291,697,740.48,117.87
竹塘鄉,內新村,104,65206,627,542,301,771,472.77,75.4
竹塘鄉,長安村,130,83560,643,544,335,901,427.45,66.5
竹塘鄉,永安村,87,49273,566,533,292,719,419.7,74.11
竹塘鄉,民靖村,150,109381,729,543,345,803,862.57,118.29
竹塘鄉,其　他,2,607,303,303,280,327,65.8,21.68
竹塘鄉,合　計,2505,1673490,668,535,328,827,593.17,88.79
溪州鄉,溪厝村,433,272535,629,499,311,784,561.75,89.25
溪州鄉,坑厝村,162,93313,576,478,303,754,415.58,72.15
溪州鄉,瓦厝村,249,159883,642,470,291,829,575.36,89.61
溪州鄉,溪州村,409,342017,836,565,355,933,1759.55,210.41
溪州鄉,尾厝村,416,292793,704,532,323,873,613.75,87.2
溪州鄉,東州村,461,354668,769,495,319,842,1207.41,156.94
溪州鄉,舊眉村,296,220772,746,582,325,839,676.47,90.7
溪州鄉,圳寮村,293,168091,574,436,281,653,594.95,103.71
溪州鄉,西畔村,427,240369,563,460,293,716,454.05,80.66
溪州鄉,成功村,353,226989,643,490,295,845,523.88,81.47
溪州鄉,大庄村,357,235179,659,478,321,780,600.76,91.2
溪州鄉,柑園村,207,119165,576,421,286,645,589.88,102.47
溪州鄉,潮洋村,181,99495,550,439,270,708,436.56,79.42
溪州鄉,張厝村,132,86388,654,495,264,846,624.93,95.49
溪州鄉,菜公村,162,106675,658,484,254,847,688.53,104.56
溪州鄉,三圳村,248,166784,673,528,320,881,556.33,82.72
溪州鄉,三條村,174,110538,635,464,296,766,574.05,90.36
溪州鄉,水尾村,287,203467,709,555,322,894,600.43,84.69
溪州鄉,榮光村,123,74249,604,543,336,773,538.61,89.23
溪州鄉,其　他,1,393,393,393,393,393,0,0
溪州鄉,合　計,5371,3573763,665,495,303,810,798.86,120.06
其　他,其　他,79,87758,1111,689,442,1205,1495.46,134.62
其　他,合　計,79,87758,1111,689,442,1205,1495.46,134.62
