101年度綜稅所得總額各縣市鄉鎮村里統計分析表-縣市別：新北市,單位：金額(千元)
鄉鎮市區,村里,納稅單位,綜合所得總額,平均數,中位數,第一分位數,第三分位數,標準差,變異係數
新莊區,海山里,1712,1343741,785,581,340,970,737.46,93.96
新莊區,全安里,1398,1189689,851,626,366,1082,784.59,92.2
新莊區,文衡里,710,636231,896,642,378,1068,943.89,105.33
新莊區,興漢里,1150,941867,819,570,340,986,1053.85,128.67
新莊區,榮和里,950,866294,912,563,325,1000,2326.09,255.08
新莊區,文德里,526,473769,901,644,390,1108,1028.11,114.14
新莊區,文明里,567,535744,945,605,332,1077,1448.55,153.31
新莊區,中港里,2049,1760554,859,594,372,1043,927.61,107.96
新莊區,頭前里,1565,1286725,822,575,336,968,978.79,119.05
新莊區,丹鳳里,2376,1650893,695,547,352,866,591.13,85.08
新莊區,西盛里,3419,2724707,797,607,359,992,797.44,100.06
新莊區,瓊林里,1713,1223944,715,515,330,876,740.04,103.57
新莊區,營盤里,821,658202,802,565,320,975,818.75,102.13
新莊區,後港里,2293,1724127,752,550,341,961,720.46,95.82
新莊區,國泰里,510,396581,778,557,342,932,950.51,122.24
新莊區,立人里,732,721557,986,650,379,1235,1136.15,115.26
新莊區,恆安里,1360,1130997,832,620,358,1086,747.88,89.93
新莊區,思源里,1732,1335905,771,557,340,925,776.67,100.7
新莊區,化成里,1100,863381,785,556,343,904,837.86,106.75
新莊區,福基里,1043,969723,930,644,363,1135,1085.32,116.73
新莊區,思賢里,1289,1035589,803,582,365,1018,699.22,87.03
新莊區,中美里,1714,1407944,821,570,351,961,1190,144.87
新莊區,中和里,1434,1165036,812,535,325,907,1393.61,171.53
新莊區,中泰里,1242,810386,652,508,314,843,520.83,79.82
新莊區,立言里,1743,1393626,800,571,347,979,771.74,96.52
新莊區,立功里,1014,649378,640,501,325,824,511.72,79.9
新莊區,立德里,851,844222,992,674,361,1160,1488.79,150.07
新莊區,豐年里,1123,788229,702,532,340,837,929.04,132.36
新莊區,忠孝里,1544,1222278,792,557,339,957,781.28,98.69
新莊區,立志里,1191,938505,788,561,369,901,814.9,103.41
新莊區,中誠里,689,639590,928,531,331,911,3329.67,358.69
新莊區,自立里,1509,1049346,695,515,334,840,678.92,97.63
新莊區,自強里,658,393675,598,485,322,718,465.57,77.82
新莊區,幸福里,1275,783059,614,497,324,745,462.83,75.36
新莊區,仁愛里,794,462146,582,471,304,745,435.59,74.84
新莊區,信義里,1693,1225118,724,540,342,871,683.81,94.5
新莊區,龍鳳里,2378,2046808,861,617,369,1094,937.22,108.89
新莊區,民安里,1750,1303249,745,566,341,960,688.18,92.41
新莊區,光華里,2055,1507306,733,556,343,887,1156.7,157.7
新莊區,富國里,786,478810,609,503,332,762,432.08,70.93
新莊區,裕民里,2031,1408618,694,517,327,842,774.71,111.7
新莊區,南港里,1641,1170021,713,548,336,871,669.96,93.96
新莊區,萬安里,1177,770616,655,526,342,791,541.25,82.67
新莊區,八德里,952,612523,643,497,328,791,590.82,91.83
新莊區,民本里,920,529022,575,473,303,696,469.51,81.65
新莊區,光榮里,1247,896726,719,559,346,897,660.65,91.87
新莊區,光明里,1317,886072,673,512,334,815,618.58,91.94
新莊區,合鳳里,1326,818036,617,490,318,769,522.49,84.69
新莊區,雙鳳里,3301,2920620,885,648,380,1086,1252.83,141.6
新莊區,和平里,1585,1086081,685,535,340,849,602.75,87.96
新莊區,自信里,722,581748,806,568,354,959,806.42,100.08
新莊區,全泰里,1797,1729561,962,640,379,1154,1998.27,207.62
新莊區,立泰里,1575,1207014,766,569,348,980,663.27,86.55
新莊區,立基里,2077,2028280,977,629,373,1126,1613.3,165.21
新莊區,中宏里,1118,888297,795,582,372,980,713.85,89.84
新莊區,中全里,1050,688427,656,482,321,776,633.43,96.61
新莊區,中華里,834,722092,866,593,351,1098,820.32,94.74
新莊區,中隆里,1310,1151799,879,620,371,1067,998.25,113.54
新莊區,中原里,2830,2289287,809,603,365,1031,685.71,84.77
新莊區,中信里,2653,2131104,803,578,373,1015,712.66,88.72
新莊區,仁義里,1120,699046,624,493,323,787,503.38,80.65
新莊區,建福里,860,539743,628,502,327,815,486.54,77.52
新莊區,四維里,1312,849658,648,518,336,809,516.16,79.7
新莊區,文聖里,1224,1080405,883,615,365,1085,1056.18,119.66
新莊區,福營里,811,601895,742,522,303,888,831.26,112.01
新莊區,後德里,1039,937046,902,602,347,1039,1669.68,185.13
新莊區,建安里,2012,1575465,783,591,360,1018,692.67,88.46
新莊區,龍安里,738,473936,642,480,309,802,582.68,90.73
新莊區,昌平里,1359,1220696,898,670,399,1138,904.8,100.73
新莊區,昌明里,1093,887584,812,551,355,967,845.68,104.14
新莊區,成德里,1422,982553,691,545,334,856,595.96,86.25
新莊區,福興里,1691,1367481,809,579,351,986,865.49,107.03
新莊區,昌信里,1081,1047649,969,689,395,1257,940.32,97.03
新莊區,昌隆里,1352,1247336,923,677,379,1175,904.01,97.99
新莊區,中平里,2611,2587639,991,710,424,1269,1018.78,102.8
新莊區,立廷里,3538,3747962,1059,827,451,1405,918.12,86.67
新莊區,泰豐里,688,525028,763,571,360,930,650.83,85.28
新莊區,富民里,1070,721682,674,534,336,875,538.13,79.79
新莊區,龍福里,647,486855,752,594,385,997,575.89,76.53
新莊區,祥鳳里,671,506871,755,555,360,908,811.04,107.37
新莊區,民全里,1099,790342,719,567,355,915,626.07,87.06
新莊區,民有里,1181,838362,710,552,360,887,607.89,85.63
新莊區,光正里,1245,990818,796,596,370,961,810.17,101.8
新莊區,光和里,785,470499,599,512,317,770,409.47,68.32
新莊區,其　他,32,28899,903,653,324,1147,878.16,97.24
新莊區,合　計,116602,92300325,792,572,351,965,946.03,119.51
林口區,東林里,1321,946165,716,539,344,859,785.6,109.68
林口區,林口里,1463,1115476,762,554,344,949,776.84,101.89
林口區,西林里,2506,2809674,1121,727,405,1349,1249.56,111.45
林口區,湖北里,440,343197,780,573,380,995,671.43,86.08
林口區,菁湖里,1438,1566565,1089,704,380,1383,1248.81,114.63
林口區,湖南里,4849,5533724,1141,844,473,1447,1547.56,135.61
林口區,南勢里,4417,5557848,1258,925,501,1609,1386.92,110.22
林口區,頂福里,318,217773,685,517,324,788,647.67,94.58
林口區,下福里,360,290733,808,603,362,1001,1214.72,150.41
林口區,嘉寶里,224,170408,761,545,336,930,773.26,101.64
林口區,瑞平里,199,137368,690,541,368,872,535.28,77.54
林口區,太平里,369,245084,664,517,338,840,574.29,86.47
林口區,中湖里,966,841154,871,587,368,1015,1020.74,117.22
林口區,東勢里,1897,1835044,967,656,395,1193,1424.1,147.22
林口區,仁愛里,1951,2463689,1263,885,455,1558,1567.94,124.17
林口區,麗林里,2375,2812454,1184,884,500,1551,1153.06,97.37
林口區,麗園里,1196,1203942,1007,612,358,1112,1713.91,170.26
林口區,其　他,7,4398,628,514,379,641,440.45,70.11
林口區,合　計,26296,28094696,1068,735,416,1319,1327.21,124.22
五股區,興珍里,1753,1434898,819,508,303,891,2226.28,271.98
五股區,更寮里,339,245663,725,548,334,844,740.41,102.17
五股區,集福里,1039,706190,680,537,325,842,572.64,84.25
五股區,觀音里,307,201064,655,498,326,763,625.12,95.45
五股區,成州里,1404,894679,637,499,312,794,690.46,108.35
五股區,五股里,1140,867323,761,537,344,852,922.16,121.21
五股區,五龍里,394,253727,644,459,265,799,649.3,100.83
五股區,德音里,1551,1691818,1091,619,367,1097,3866.76,354.49
五股區,貿商里,783,611729,781,608,349,1008,736.44,94.26
五股區,陸一里,440,311201,707,558,338,888,618.42,87.44
五股區,成功里,1493,965457,647,513,326,789,567.13,87.7
五股區,五福里,1059,706030,667,495,304,816,813.74,122.06
五股區,成德里,722,437576,606,486,305,733,494.93,81.66
五股區,德泰里,1305,1442343,1105,593,356,935,12747.55,1153.37
五股區,六福里,994,710751,715,571,349,898,581.19,81.28
五股區,集賢里,1049,635558,606,499,319,757,477.49,78.81
五股區,民義里,875,638297,729,539,342,878,895.35,122.74
五股區,成泰里,1475,1073465,728,556,340,884,773.85,106.33
五股區,水碓里,2184,1676048,767,561,359,936,821.41,107.04
五股區,福德里,852,608660,714,583,344,924,522.65,73.16
五股區,其　他,9,8375,931,707,317,1003,920.05,98.87
五股區,合　計,21167,16120852,762,540,332,878,3453.73,453.48
蘆洲區,樓厝里,1770,1388590,785,589,359,961,722.42,92.08
蘆洲區,保和里,762,540683,710,518,317,850,657.38,92.65
蘆洲區,得勝里,932,665762,714,502,319,819,943.85,132.13
蘆洲區,仁復里,553,521605,943,576,360,937,2989.13,316.9
蘆洲區,溪墘里,930,679751,731,563,343,902,649.4,88.85
蘆洲區,中路里,1154,808404,701,547,351,860,599.75,85.61
蘆洲區,正義里,3411,3757401,1102,811,442,1477,1026.81,93.22
蘆洲區,水湳里,2982,2543923,853,600,362,1049,1196.3,140.23
蘆洲區,保佑里,1027,710650,692,521,322,839,612.15,88.47
蘆洲區,樹德里,978,750993,768,578,350,897,828.19,107.85
蘆洲區,中原里,1526,1149023,753,532,331,921,823.66,109.39
蘆洲區,恆德里,1797,1476427,822,581,354,1010,796.98,97
蘆洲區,光華里,1457,1128186,774,567,344,930,925.73,119.55
蘆洲區,鷺江里,1568,1359996,867,573,359,999,1237.5,142.68
蘆洲區,南港里,1488,1097725,738,556,358,912,637.61,86.43
蘆洲區,永樂里,1705,1384529,812,590,368,993,1150.8,141.72
蘆洲區,永康里,1859,1405433,756,581,358,965,641.78,84.89
蘆洲區,信義里,1138,757573,666,497,321,782,888.97,133.54
蘆洲區,玉清里,1654,1429710,864,591,349,1036,1126.01,130.27
蘆洲區,復興里,976,629991,645,520,331,771,536.68,83.14
蘆洲區,水河里,2622,1959917,747,556,340,914,787.29,105.33
蘆洲區,仁愛里,1516,1105839,729,548,348,882,633.56,86.86
蘆洲區,忠義里,813,583748,718,549,349,874,660.21,91.95
蘆洲區,九芎里,1473,1012032,687,540,335,845,580.88,84.55
蘆洲區,中華里,966,676451,700,493,303,781,1134.76,162.05
蘆洲區,得仁里,958,661894,691,522,321,818,647.77,93.76
蘆洲區,仁德里,1649,1241945,753,530,338,866,965.59,128.21
蘆洲區,仁義里,999,743538,744,573,357,943,610.5,82.03
蘆洲區,光明里,1346,1032404,767,571,364,910,784.19,102.24
蘆洲區,保新里,727,479189,659,503,333,796,577.01,87.54
蘆洲區,長安里,1322,912157,690,523,339,835,650.87,94.33
蘆洲區,民和里,786,530412,675,518,320,826,631.84,93.63
蘆洲區,忠孝里,681,495057,727,566,366,851,634.66,87.3
蘆洲區,福安里,934,642042,687,528,324,885,571.05,83.07
蘆洲區,永安里,1421,1010002,711,558,348,870,611.43,86.02
蘆洲區,延平里,1077,798836,742,581,361,932,613.63,82.73
蘆洲區,成功里,1940,1497160,772,575,363,945,725.13,93.96
蘆洲區,永德里,1203,854232,710,543,340,880,847.48,119.35
蘆洲區,其　他,30,20902,697,526,323,819,608.66,87.36
蘆洲區,合　計,52130,40444111,776,564,350,936,897.75,115.71
三重區,二重里,520,314744,605,488,281,766,612.09,101.13
三重區,五谷里,652,553757,849,583,363,969,1419.19,167.1
三重區,德厚里,109,82859,760,513,292,933,795.43,104.64
三重區,福祉里,1765,1590190,901,643,380,1160,866.02,96.12
三重區,過田里,1984,1663313,838,587,351,1020,1160.98,138.48
三重區,溪美里,2276,1721140,756,559,346,945,697.72,92.26
三重區,厚德里,1071,880764,822,593,366,1032,756.97,92.05
三重區,慈化里,710,491696,693,517,320,842,1013.75,146.38
三重區,永安里,1135,815521,719,540,326,877,660.01,91.86
三重區,六合里,1085,727025,670,532,316,842,571.38,85.27
三重區,福利里,718,665111,926,636,364,1107,1167.84,126.07
三重區,永興里,457,375915,823,618,346,1092,736.73,89.56
三重區,清和里,1289,1175774,912,641,390,1158,870.38,95.42
三重區,仁德里,568,425673,749,511,310,814,1278.25,170.56
三重區,開元里,411,274717,668,555,361,800,512.43,76.66
三重區,大德里,268,207589,775,544,347,880,1074.39,138.71
三重區,錦通里,415,254313,613,464,274,733,586.53,95.71
三重區,光華里,556,431313,776,566,324,924,741.95,95.64
三重區,光榮里,449,377782,841,571,336,1040,928.95,110.41
三重區,大園里,725,512331,707,525,333,871,675.78,95.63
三重區,長生里,264,199039,754,577,321,1038,645.42,85.61
三重區,長安里,600,436798,728,531,333,831,797.7,109.58
三重區,同安里,351,220598,628,486,310,756,580.82,92.42
三重區,光明里,2268,2018537,890,605,355,1067,1053.07,118.32
三重區,菜寮里,612,428643,700,532,342,818,632.05,90.24
三重區,大同里,612,424805,694,510,313,896,591.94,85.28
三重區,長泰里,633,413939,654,502,327,830,608.19,93.01
三重區,長元里,704,466271,662,507,322,785,573.21,86.55
三重區,介壽里,366,258596,707,515,341,871,643.94,91.14
三重區,三安里,867,627276,724,539,328,877,796.32,110.06
三重區,文化里,702,540980,771,548,326,871,1074.29,139.4
三重區,正義里,564,473382,839,569,346,931,1975.79,235.4
三重區,中正里,400,285305,713,526,337,848,632.58,88.69
三重區,仁義里,300,225763,753,523,335,902,762.18,101.28
三重區,長江里,525,427095,814,570,347,1004,840.4,103.31
三重區,錦江里,609,397665,653,487,309,755,722.94,110.71
三重區,龍門里,514,977777,1902,509,322,873,26586.05,1397.58
三重區,大安里,443,283046,639,483,302,804,542.75,84.95
三重區,光正里,732,806898,1102,699,418,1306,1199.42,108.81
三重區,重新里,463,322184,696,555,350,864,582.43,83.7
三重區,民生里,1199,811451,677,524,335,836,715.36,105.7
三重區,中山里,837,688441,823,529,333,935,926.38,112.63
三重區,國隆里,782,603405,772,573,348,944,729.03,94.48
三重區,重陽里,1032,804678,780,549,331,916,1701.26,218.19
三重區,幸福里,1333,1034311,776,515,314,853,1654.44,213.22
三重區,福安里,871,662835,761,541,348,956,730.48,95.99
三重區,信安里,615,459754,748,585,364,987,572.26,76.55
三重區,安慶里,572,366407,641,515,334,811,498.24,77.78
三重區,順德里,583,355784,610,488,294,759,503.53,82.51
三重區,承德里,469,327775,699,550,369,861,550.89,78.82
三重區,瑞德里,572,388388,679,535,329,837,607,89.4
三重區,崇德里,1010,661572,655,514,328,853,506.84,77.38
三重區,尚德里,917,618278,674,512,318,810,611.02,90.62
三重區,培德里,1090,927667,851,554,339,974,1348.74,158.48
三重區,自強里,525,354518,675,516,306,831,612.06,90.64
三重區,大有里,1791,1263015,705,511,311,886,672.65,95.38
三重區,頂崁里,811,663979,819,543,334,946,1426.02,174.18
三重區,谷王里,298,225045,755,543,351,928,695.63,92.11
三重區,中興里,1308,1010174,772,527,321,900,901.67,116.75
三重區,成功里,1951,1739604,892,666,382,1182,750.55,84.18
三重區,重明里,1006,1028628,1022,649,375,1205,1297.55,126.9
三重區,光田里,1417,1189949,840,590,353,1032,863.61,102.84
三重區,田心里,1179,844187,716,509,321,858,1419.4,198.23
三重區,福隆里,1360,1239324,911,578,349,1020,4493.42,493.1
三重區,五常里,1249,818251,655,521,318,824,531.08,81.07
三重區,慈生里,613,381454,622,490,310,759,567.53,91.2
三重區,碧華里,2138,2362514,1105,769,427,1381,1317.38,119.22
三重區,永德里,1319,907286,688,522,342,833,594.41,86.41
三重區,永福里,1499,1068560,713,522,329,836,689.12,96.67
三重區,福星里,235,154417,657,537,330,836,502.23,76.43
三重區,錦安里,502,349416,696,536,351,868,564.3,81.07
三重區,光輝里,472,359484,762,514,323,842,1009.54,132.55
三重區,同慶里,515,442442,859,622,374,1038,868.25,101.06
三重區,永春里,578,419717,726,561,344,929,629.63,86.71
三重區,中民里,374,235630,630,495,319,783,512.15,81.29
三重區,長福里,447,309029,691,528,327,885,556.36,80.48
三重區,奕壽里,528,379944,720,523,323,909,672.74,93.49
三重區,萬壽里,579,453186,783,562,349,949,765.83,97.84
三重區,中央里,439,317722,724,581,371,920,573.06,79.18
三重區,雙園里,298,264296,887,555,367,945,2626.86,296.18
三重區,正安里,597,433304,726,540,341,874,667.81,92.01
三重區,吉利里,407,249994,614,489,315,752,496.93,80.9
三重區,忠孝里,470,329508,701,523,322,878,673.07,96
三重區,秀江里,377,288584,765,551,312,921,1302.27,170.13
三重區,龍濱里,894,657307,735,534,327,859,747.08,101.61
三重區,平和里,394,226601,575,461,317,712,426.27,74.12
三重區,正德里,317,234725,740,503,300,898,793.66,107.19
三重區,五福里,1124,916998,816,604,378,1058,688.9,84.44
三重區,富華里,978,760314,777,561,357,949,810.11,104.2
三重區,田安里,1860,1476240,794,577,345,975,734.89,92.59
三重區,慈惠里,610,371738,609,492,320,785,482.05,79.1
三重區,慈福里,607,359181,592,493,319,737,488.94,82.63
三重區,永盛里,875,578462,661,517,317,842,638.89,96.64
三重區,福民里,985,738717,750,543,336,881,1237.28,164.98
三重區,田中里,1895,1430496,755,560,343,931,714.54,94.66
三重區,永清里,1589,1102052,694,541,341,834,617.34,89.01
三重區,維德里,857,617495,721,514,339,890,966.96,134.2
三重區,五華里,1445,1333050,923,634,368,1132,959.91,104.05
三重區,永煇里,715,436537,611,493,327,751,510.87,83.68
三重區,三民里,977,763724,782,572,352,975,749.18,95.84
三重區,錦田里,654,955728,1461,562,338,983,10810.85,739.78
三重區,慈祐里,1348,975730,724,535,339,886,660.32,91.23
三重區,六福里,1669,1093971,655,524,329,805,523.89,79.93
三重區,光陽里,2069,1800167,870,584,355,1050,1052.45,120.96
三重區,福田里,1140,828357,727,525,317,906,709.47,97.64
三重區,富福里,594,404711,681,492,302,798,967.3,141.97
三重區,仁忠里,825,485761,589,488,308,742,436.2,74.08
三重區,富貴里,1878,2037535,1085,679,387,1290,1974.26,181.97
三重區,慈愛里,1011,609461,603,509,315,754,453.41,75.21
三重區,福德里,1180,910013,771,555,331,970,748.54,97.06
三重區,永豐里,1560,1105921,709,533,342,880,715.37,100.91
三重區,博愛里,1384,963678,696,522,335,873,595.62,85.54
三重區,永吉里,878,600323,684,545,338,842,553.48,80.95
三重區,永順里,1315,840117,639,491,316,791,583.28,91.3
三重區,永發里,2094,1665391,795,578,344,992,772.92,97.18
三重區,立德里,999,801884,803,562,335,959,1142.35,142.32
三重區,福樂里,1024,648003,633,495,307,794,535.56,84.63
三重區,仁華里,1265,931649,736,552,331,944,612.83,83.21
三重區,五順里,1015,643505,634,498,322,812,492.97,77.76
三重區,其　他,59,31726,538,419,293,522,533.59,99.23
三重區,合　計,106939,82907299,775,549,338,924,2275.32,293.48
泰山區,黎明里,1010,771331,764,609,373,989,635.21,83.18
泰山區,大科里,265,187523,708,515,319,1003,552.7,78.11
泰山區,山腳里,2069,1538532,744,551,352,911,704.42,94.73
泰山區,楓樹里,1281,1041143,813,596,360,1003,1067.92,131.39
泰山區,同榮里,1283,1013911,790,584,358,971,752.05,95.16
泰山區,義學里,1348,1002652,744,578,336,907,702.12,94.39
泰山區,明志里,1230,946793,770,541,332,923,832.99,108.22
泰山區,貴子里,1266,1085228,857,618,360,1058,852.96,99.5
泰山區,貴和里,1652,1325976,803,584,345,958,2210.25,275.37
泰山區,福泰里,849,558494,658,513,315,799,622.15,94.58
泰山區,同興里,1259,1213292,964,649,382,1168,1832,190.1
泰山區,義仁里,2194,1766510,805,612,379,1033,690.93,85.81
泰山區,泰友里,657,475282,723,568,363,933,548.15,75.77
泰山區,新明里,1024,715431,699,560,358,868,580.19,83.04
泰山區,貴賢里,1256,1125883,896,613,369,1124,861.17,96.07
泰山區,福興里,1128,975178,865,667,389,1128,740.51,85.66
泰山區,全興里,2743,2799739,1021,805,475,1340,810.06,79.36
泰山區,其　他,6,8901,1483,1206,775,2332,957.72,64.56
泰山區,合　計,22520,18551799,824,607,367,1035,1030.6,125.1
新店區,張北里,2204,2243313,1018,653,377,1223,1316.82,129.37
新店區,張南里,702,820454,1169,713,402,1332,3078.83,263.43
新店區,廣明里,243,173320,713,548,350,922,567.5,79.56
新店區,江陵里,2071,2971734,1435,786,417,1675,2557.27,178.22
新店區,百忍里,1335,1216510,911,635,385,1150,939.07,103.05
新店區,青潭里,1752,1453817,830,626,365,1061,740.1,89.19
新店區,員潭里,1378,1086222,788,614,386,1051,613.89,77.88
新店區,雙坑里,157,99404,633,531,323,736,556.82,87.94
新店區,粗坑里,973,1094400,1125,664,378,1268,2902.77,258.08
新店區,屈尺里,642,480985,749,552,341,935,663.06,88.5
新店區,廣興里,299,202586,678,517,317,791,635.52,93.8
新店區,龜山里,430,312115,726,475,313,863,1108.22,152.68
新店區,直潭里,308,270942,880,574,330,1004,1008.99,114.7
新店區,塗潭里,200,204724,1024,468,293,749,5447.7,532.2
新店區,公崙里,3412,3170857,929,670,383,1162,983.79,105.86
新店區,柴埕里,2644,2346812,888,644,373,1136,882.44,99.42
新店區,雙城里,1496,1035301,692,542,344,873,585.89,84.66
新店區,頂城里,369,258509,701,537,340,824,664.85,94.9
新店區,下城里,943,2244358,2380,860,417,2239,7123.52,299.31
新店區,文中里,598,598987,1002,662,386,1225,1249.43,124.74
新店區,國校里,811,735721,907,629,348,1142,1323.37,145.88
新店區,新生里,2064,2440009,1182,713,401,1380,2580.24,218.26
新店區,中興里,2012,2022329,1005,687,388,1265,1154.83,114.89
新店區,新安里,1583,1584927,1001,681,360,1257,1153.74,115.23
新店區,文明里,789,1090692,1382,563,331,1007,9967.68,721.06
新店區,寶興里,1887,2782027,1474,735,389,1534,6035.93,409.41
新店區,寶安里,2090,2122694,1016,656,378,1263,1175.41,115.73
新店區,信義里,2327,2564834,1102,692,379,1374,2678.83,243.04
新店區,忠孝里,939,788251,839,607,368,1057,772.54,92.03
新店區,大鵬里,962,1042442,1084,758,431,1409,1180.33,108.92
新店區,大豐里,1300,1301572,1001,662,367,1289,1263.06,126.15
新店區,明德里,1406,1389169,988,690,390,1266,990.98,100.3
新店區,中山里,1904,2950131,1549,995,496,1901,2159.07,139.35
新店區,和平里,221,142174,643,502,288,783,598.04,92.96
新店區,仁愛里,738,684516,928,636,360,1172,1014.88,109.42
新店區,中正里,2131,2057721,966,673,398,1226,970.76,100.53
新店區,美潭里,1709,1512027,885,644,372,1134,905.94,102.4
新店區,德安里,1755,1386500,790,572,367,965,764.28,96.74
新店區,太平里,993,892795,899,616,363,1100,1099.5,122.29
新店區,中央里,2144,3241499,1512,894,444,1862,2446.3,161.8
新店區,百和里,1139,1069352,939,656,377,1209,944.69,100.62
新店區,福德里,1333,1170561,878,631,359,1090,882.68,100.52
新店區,福民里,1360,1428275,1050,709,397,1308,1175.4,111.92
新店區,百福里,968,876483,905,672,374,1162,843.98,93.21
新店區,國豐里,1188,1092439,920,629,374,1162,901.2,98
新店區,新德里,891,759887,853,571,344,1035,1169.82,137.17
新店區,五峰里,2548,2708175,1063,670,378,1249,2378.42,223.77
新店區,中華里,1158,1092755,944,614,368,1120,1958.9,207.59
新店區,忠誠里,949,932836,983,703,395,1281,1012.26,102.98
新店區,永安里,1572,1101298,701,544,341,871,588.38,83.99
新店區,新店里,582,475353,817,581,367,1034,733.18,89.77
新店區,大同里,1456,1628248,1118,696,400,1310,2303.07,205.94
新店區,玫瑰里,1750,1290458,737,570,354,932,738.13,100.1
新店區,日興里,1516,1039480,686,516,322,842,768.89,112.14
新店區,寶福里,2421,2713106,1121,720,407,1376,1311.71,117.05
新店區,安和里,2134,1841873,863,625,366,1082,953.38,110.46
新店區,明城里,1187,1324084,1115,747,427,1411,1180.23,105.8
新店區,吉祥里,1429,1311151,918,635,376,1091,950.23,103.56
新店區,小城里,1173,1191819,1016,714,393,1286,1068.33,105.15
新店區,香坡里,2980,3131004,1051,713,396,1274,1518.21,144.5
新店區,建國里,1061,1044777,985,664,361,1220,1102.87,112
新店區,復興里,1129,1086842,963,595,352,1044,3328.26,345.74
新店區,美城里,786,602872,767,571,334,933,977.96,127.5
新店區,安昌里,1510,1362942,903,702,411,1183,779.79,86.39
新店區,長春里,969,1634754,1687,1009,453,1771,6675.66,395.7
新店區,新和里,1284,1036373,807,611,377,1079,637.22,78.95
新店區,永平里,1624,1433356,883,647,389,1144,819.73,92.88
新店區,達觀里,1290,1269372,984,686,387,1246,1105.77,112.37
新店區,華城里,970,3567241,3678,1275,603,2667,22192.71,603.46
新店區,其　他,63,43952,698,552,306,874,590.29,84.61
新店區,合　計,92341,96278497,1043,659,378,1214,3161.52,303.22
石碇區,石碇里,132,71467,541,470,261,699,390.33,72.09
石碇區,潭邊里,192,188533,982,577,320,913,2931.96,298.59
石碇區,烏塗里,171,130413,763,530,320,897,801.34,105.07
石碇區,豐林里,73,51929,711,472,295,832,832.8,117.07
石碇區,隆盛里,198,115086,581,465,278,777,431.89,74.31
石碇區,中民里,209,123183,589,465,314,729,418.11,70.94
石碇區,永定里,128,72480,566,478,331,699,338.54,59.79
石碇區,光明里,36,23287,647,544,261,823,524.81,81.13
石碇區,彭山里,79,49933,632,488,295,743,659.82,104.39
石碇區,豐田里,101,65154,645,517,326,785,536.75,83.2
石碇區,格頭里,213,134513,632,467,310,782,558.01,88.36
石碇區,永安里,154,95703,621,520,329,801,403.01,64.85
石碇區,碧山里,0,0,0,0,0,0,0,0
石碇區,其　他,0,0,0,0,0,0,0,0
石碇區,合　計,1686,1121682,665,491,310,791,1116.24,167.78
深坑區,深坑里,928,793551,855,652,381,1078,778.47,91.04
深坑區,萬順里,745,542681,728,550,352,919,605.25,83.09
深坑區,阿柔里,171,125427,733,523,369,816,877.61,119.65
深坑區,昇高里,562,458818,816,566,341,993,890.59,109.09
深坑區,土庫里,908,759240,836,545,344,924,1627.11,194.59
深坑區,埔新里,1801,1530861,850,625,365,1085,789.46,92.88
深坑區,萬福里,825,694920,842,567,347,1005,1153.94,136.99
深坑區,賴仲里,678,643068,948,668,416,1067,1116.91,117.76
深坑區,其　他,14,7620,544,365,277,595,475.44,87.35
深坑區,合　計,6632,5556186,838,596,361,1008,1020.02,121.75
坪林區,坪林里,328,219266,668,512,307,847,618.56,92.53
坪林區,水德里,125,77716,622,530,336,757,462.72,74.42
坪林區,大林里,242,167456,692,527,317,881,629.44,90.96
坪林區,上德里,156,104425,669,511,310,795,713.52,106.59
坪林區,漁光里,176,121730,692,543,318,874,559.09,80.83
坪林區,石𥕢里,87,57969,666,537,322,764,497.46,74.66
坪林區,粗窟里,189,119883,634,489,315,751,613.73,96.76
坪林區,其　他,0,0,0,0,0,0,0,0
坪林區,合　計,1303,868445,666,519,316,826,603.1,90.49
烏來區,烏來里,583,461868,792,612,343,1032,963.68,121.64
烏來區,忠治里,359,247386,689,531,333,847,757.35,109.9
烏來區,孝義里,44,31868,724,531,421,874,482.88,66.67
烏來區,信賢里,113,71618,634,556,312,778,531.38,83.84
烏來區,福山里,101,70564,699,515,343,816,756.31,108.25
烏來區,其　他,1,344,344,344,344,344,0,0
烏來區,合　計,1201,883648,736,564,341,920,841.03,114.31
板橋區,留侯里,465,418647,900,585,355,971,1668.45,185.32
板橋區,流芳里,480,454295,946,606,338,1096,1256.44,132.75
板橋區,赤松里,248,313869,1266,710,402,1287,3178.56,251.15
板橋區,黃石里,332,253615,764,526,331,975,771.91,101.05
板橋區,挹秀里,598,680115,1137,717,398,1430,1381.01,121.43
板橋區,社後里,1778,1267656,713,540,339,877,641.06,89.91
板橋區,新埔里,693,610598,881,605,370,1045,988.55,112.2
板橋區,江翠里,1432,1262329,882,574,348,960,1355.91,153.82
板橋區,松翠里,1134,923951,815,586,370,963,844.86,103.69
板橋區,嵐翠里,658,448247,681,542,337,831,587.49,86.24
板橋區,深丘里,2693,3803990,1413,795,442,1543,2562.78,181.43
板橋區,埔墘里,2040,1811571,888,603,367,1070,952.85,107.3
板橋區,港嘴里,1880,1487068,791,572,357,975,698.42,88.3
板橋區,湳興里,1645,1313351,798,593,361,1006,726.35,90.98
板橋區,鄉雲里,1180,1006947,853,590,345,1057,830.37,97.31
板橋區,景星里,1068,1009302,945,653,371,1203,1058.62,112.02
板橋區,廣福里,1258,1021252,812,583,356,983,1010,124.41
板橋區,溪洲里,1837,1399972,762,558,343,937,786.01,103.14
板橋區,崑崙里,2876,2378486,827,588,360,999,2109.39,255.06
板橋區,浮洲里,986,724924,735,529,341,829,1009.15,137.26
板橋區,中正里,1326,1039802,784,582,365,964,904.11,115.3
板橋區,中山里,981,637543,650,506,331,759,590.02,90.79
板橋區,復興里,235,139573,594,466,317,738,464.28,78.17
板橋區,自強里,1926,1916387,995,662,384,1209,1362.52,136.93
板橋區,國光里,1292,1366867,1058,742,409,1357,1111.08,105.02
板橋區,新興里,923,718427,778,588,334,985,732.28,94.08
板橋區,福德里,1633,1468769,899,625,369,1151,861.86,95.82
板橋區,和平里,1288,1468530,1140,853,494,1501,1102.56,96.7
板橋區,仁愛里,986,778092,789,577,345,961,1001.49,126.91
板橋區,福星里,1149,1140933,993,688,388,1252,1123.5,113.14
板橋區,公館里,1157,915063,791,575,347,1002,690.87,87.35
板橋區,新民里,1375,1209511,880,625,369,1092,939.39,106.79
板橋區,振興里,1287,926071,720,551,342,862,628.59,87.36
板橋區,光復里,969,810789,837,609,361,1030,861.84,103
板橋區,香丘里,1193,1081161,906,596,355,1070,1762.79,194.51
板橋區,雙玉里,1115,878429,788,587,332,968,703.95,89.35
板橋區,福壽里,1032,1034208,1002,611,367,1097,1625.79,162.23
板橋區,玉光里,1582,1273920,805,584,370,972,1182.56,146.85
板橋區,港尾里,965,963689,999,679,405,1198,1604.62,160.68
板橋區,民權里,826,646522,783,567,344,958,762.06,97.36
板橋區,建國里,1078,743633,690,536,329,853,581.84,84.35
板橋區,百壽里,668,551160,825,564,349,971,1365.41,165.49
板橋區,忠誠里,1317,1256497,954,669,385,1260,891.79,93.47
板橋區,幸福里,1168,934316,800,543,344,913,2776.86,347.14
板橋區,漢生里,1484,1349567,909,623,362,1110,1062.36,116.82
板橋區,聯翠里,1287,1415424,1100,747,409,1365,1123.98,102.2
板橋區,宏翠里,1586,1366990,862,633,386,1068,916.21,106.3
板橋區,華翠里,1167,1067912,915,610,376,1079,1104.67,120.72
板橋區,福翠里,399,261449,655,535,342,785,529.36,80.79
板橋區,九如里,802,670160,836,555,348,937,2759.53,330.24
板橋區,埤墘里,1190,1055817,887,617,385,1092,894.48,100.82
板橋區,廣新里,914,646023,707,566,373,849,600.84,85.01
板橋區,福丘里,1618,2953019,1825,880,450,1981,3813.81,208.96
板橋區,廣德里,2136,1861569,872,629,365,1094,841.06,96.5
板橋區,福祿里,1233,1213830,984,654,388,1226,2525.61,256.55
板橋區,華興里,1311,1180834,901,651,371,1138,897.18,99.61
板橋區,聚安里,1554,1059350,682,530,343,818,712.76,104.56
板橋區,龍翠里,1631,1518038,931,610,369,1109,1125.64,120.94
板橋區,柏翠里,1206,1274113,1056,636,368,1151,1715.88,162.42
板橋區,文翠里,1266,1075124,849,575,360,1018,1020.03,120.11
板橋區,青翠里,788,581555,738,562,356,874,650.8,88.18
板橋區,香社里,1294,967461,748,579,367,919,702.17,93.92
板橋區,大安里,1139,792393,696,525,339,817,962.35,138.33
板橋區,東丘里,1360,1147257,844,605,358,984,907.84,107.62
板橋區,華德里,2202,1908573,867,636,390,1092,777.77,89.73
板橋區,國泰里,1145,1059457,925,651,380,1229,822.99,88.94
板橋區,光華里,934,816101,874,598,354,1054,1068.79,122.32
板橋區,自立里,835,584313,700,543,348,871,600.76,85.85
板橋區,重慶里,2725,2174936,798,590,360,1001,719.47,90.14
板橋區,港德里,1433,1104724,771,566,352,918,725.59,94.12
板橋區,忠翠里,3338,4494176,1346,851,461,1718,1816.76,134.94
板橋區,明翠里,1433,1084308,757,544,340,896,752.15,99.4
板橋區,滿翠里,853,577344,677,516,337,827,590.08,87.18
板橋區,新翠里,2657,2399864,903,647,399,1095,1299.1,143.83
板橋區,溪頭里,1777,1499547,844,578,370,1016,898.02,106.42
板橋區,華江里,2273,2513892,1106,743,405,1390,1354.79,122.5
板橋區,海山里,2393,2690176,1124,676,393,1276,2016.72,179.39
板橋區,大豐里,1489,1120088,752,545,338,954,682.96,90.79
板橋區,吉翠里,1038,712031,686,533,325,854,583.85,85.11
板橋區,民族里,1268,1219044,961,668,387,1211,944,98.19
板橋區,信義里,1219,957606,786,568,357,935,732.64,93.26
板橋區,純翠里,1683,1338719,795,600,373,1008,684.46,86.05
板橋區,長壽里,886,676915,764,564,350,946,675.08,88.36
板橋區,振義里,1197,900642,752,580,355,932,646.69,85.95
板橋區,西安里,819,703552,859,591,365,1024,938.43,109.24
板橋區,光仁里,900,656964,730,535,325,875,757.66,103.8
板橋區,介壽里,897,730978,815,582,360,976,834.49,102.4
板橋區,仁翠里,839,520478,620,510,338,746,441.95,71.24
板橋區,永安里,1027,887548,864,602,381,1102,818.44,94.7
板橋區,懷翠里,1713,1301982,760,548,341,966,662.79,87.2
板橋區,長安里,1372,1238727,903,617,371,1158,980.89,108.64
板橋區,德翠里,2146,1846510,860,657,392,1127,679.79,79
板橋區,溪北里,1024,760258,742,537,340,910,676.14,91.07
板橋區,華中里,1477,943728,639,509,335,764,810.78,126.89
板橋區,僑中里,1165,734338,630,507,324,801,523.71,83.09
板橋區,金華里,1171,828882,708,530,334,866,643.42,90.9
板橋區,華貴里,811,571317,704,543,347,862,585.67,83.14
板橋區,華東里,2535,2982012,1176,735,399,1427,1882.54,160.03
板橋區,福安里,748,490344,656,525,345,808,536.88,81.9
板橋區,龍安里,724,459384,635,519,343,777,489.83,77.2
板橋區,香雅里,822,589581,717,565,346,879,616.35,85.93
板橋區,光榮里,789,641745,813,573,364,953,1311.27,161.22
板橋區,新生里,1370,988978,722,551,353,882,609.35,84.41
板橋區,民安里,639,528913,828,571,332,961,1754.13,211.92
板橋區,後埔里,1258,1399689,1113,671,376,1270,3025.95,271.96
板橋區,五權里,1212,873001,720,544,357,881,631.63,87.69
板橋區,華福里,699,560578,802,571,346,1037,723.98,90.27
板橋區,大觀里,1086,700077,645,516,339,804,511.47,79.34
板橋區,歡園里,316,193945,614,514,331,794,425.71,69.36
板橋區,成和里,1758,1369662,779,596,374,1021,599.31,76.92
板橋區,溪福里,3973,3334557,839,632,381,1085,802.74,95.64
板橋區,堂春里,1255,913067,728,532,350,871,665.52,91.48
板橋區,文德里,977,864047,884,610,363,1144,827.28,93.54
板橋區,陽明里,913,836175,916,572,370,993,2095.1,228.76
板橋區,文化里,998,931507,933,581,352,1064,1116.17,119.58
板橋區,朝陽里,962,674902,702,542,350,852,581.4,82.87
板橋區,新海里,1036,667309,644,501,336,813,508.71,78.98
板橋區,松柏里,681,576801,847,589,357,970,956.52,112.93
板橋區,莒光里,904,812504,899,643,386,1073,866.28,96.38
板橋區,文聖里,1187,998053,841,615,383,1047,768.84,91.44
板橋區,富貴里,791,868789,1098,653,373,1219,2006.95,182.73
板橋區,居仁里,941,685458,728,561,361,916,609.81,83.71
板橋區,正泰里,1022,793937,777,570,358,927,721.01,92.81
板橋區,莊敬里,1354,1518334,1121,777,436,1487,1399.98,124.85
板橋區,民生里,743,644763,868,650,379,1049,996.76,114.86
板橋區,東安里,693,522234,754,553,365,947,619.44,82.2
板橋區,其　他,35,34850,996,508,310,1075,1541.93,154.86
板橋區,合　計,158677,138960873,876,600,364,1045,1255.89,143.41
三峽區,三峽里,104,78243,752,534,334,970,639.41,84.99
三峽區,秀川里,161,105590,656,521,301,814,635.6,96.91
三峽區,八張里,964,617636,641,516,317,790,525.76,82.06
三峽區,中埔里,576,356040,618,509,344,786,441.9,71.49
三峽區,礁溪里,1483,1073888,724,562,343,899,590.66,81.57
三峽區,永館里,2029,1651130,814,578,340,1007,943.14,115.9
三峽區,鳶山里,2584,1889564,731,523,324,891,715.11,97.79
三峽區,龍埔里,2558,2048705,801,582,348,988,813.04,101.52
三峽區,弘道里,276,179564,651,482,340,797,504.6,77.56
三峽區,大埔里,1067,818553,767,579,340,1008,741.35,96.64
三峽區,嘉添里,561,451200,804,513,316,869,1235.4,153.6
三峽區,添福里,316,188876,598,436,297,721,550.07,92.03
三峽區,溪南里,375,268260,715,493,324,823,725.94,101.48
三峽區,溪北里,581,379932,654,522,331,814,514.05,78.61
三峽區,溪東里,857,627826,733,490,333,760,1789.55,244.28
三峽區,成福里,251,164039,654,482,338,809,524.98,80.33
三峽區,安坑里,319,199818,626,504,325,768,499.92,79.81
三峽區,竹崙里,473,272828,577,437,283,715,487.13,84.45
三峽區,金圳里,113,65846,583,453,310,699,470.48,80.74
三峽區,五寮里,152,83611,550,464,267,666,458.95,83.44
三峽區,插角里,157,129817,827,539,355,995,836.29,101.14
三峽區,有木里,109,73184,671,486,316,796,967.45,144.09
三峽區,安溪里,1940,1499190,773,573,353,977,836.59,108.26
三峽區,中正里,1303,870544,668,515,325,847,551.51,82.55
三峽區,介壽里,1540,1055600,685,498,317,789,2068.76,301.81
三峽區,二鬮里,893,615385,689,533,344,858,561.93,81.54
三峽區,龍恩里,1509,1601777,1061,809,440,1448,911.17,85.84
三峽區,龍學里,3694,4332500,1173,876,475,1518,1438.57,122.66
三峽區,其　他,23,20543,893,484,266,1076,888.02,99.42
三峽區,合　計,26968,21719688,805,571,348,990,1044.31,129.67
鶯歌區,東鶯里,286,216791,758,573,350,971,658.55,86.88
鶯歌區,西鶯里,713,533927,749,541,352,909,727.46,97.14
鶯歌區,南鶯里,1654,1335962,808,607,366,1015,768.02,95.09
鶯歌區,北鶯里,1223,1098383,898,677,399,1134,839.71,93.5
鶯歌區,中鶯里,297,219177,738,541,301,973,677.89,91.86
鶯歌區,建德里,160,103587,647,505,335,773,547.56,84.58
鶯歌區,同慶里,500,389110,778,561,361,978,721.03,92.65
鶯歌區,南靖里,1032,704794,683,526,326,879,569.58,83.4
鶯歌區,尖山里,1955,1391813,712,546,347,893,678.36,95.29
鶯歌區,二橋里,2041,1413794,693,542,353,859,575.9,83.14
鶯歌區,二甲里,264,169479,642,513,305,828,519.18,80.87
鶯歌區,東湖里,85,57329,674,440,300,693,810.59,120.18
鶯歌區,中湖里,1713,1101077,643,515,334,771,660.44,102.75
鶯歌區,鳳鳴里,1395,915137,656,522,348,819,538.63,82.11
鶯歌區,永昌里,2530,1806905,714,548,348,875,622.41,87.15
鶯歌區,永吉里,1520,950196,625,504,341,782,475.86,76.12
鶯歌區,鳳福里,1246,786545,631,507,338,783,574.76,91.05
鶯歌區,大湖里,1612,1143626,709,536,344,861,861.27,121.4
鶯歌區,建國里,1873,1273909,680,533,346,850,662.87,97.46
鶯歌區,鳳祥里,1419,947116,667,524,342,817,566.77,84.92
鶯歌區,其　他,5,2696,539,725,335,728,264.02,48.96
鶯歌區,合　計,23523,16561354,704,540,347,869,660.98,93.88
樹林區,樹東里,385,296656,771,513,282,898,950.14,123.31
樹林區,彭厝里,1534,1048931,684,542,340,862,527.96,77.21
樹林區,樹西里,1741,1658600,953,631,359,1166,1626.24,170.7
樹林區,坡內里,443,303284,685,489,302,815,723.69,105.71
樹林區,樹北里,313,252189,806,560,333,955,822.11,102.04
樹林區,潭底里,1246,922791,741,552,337,888,725.03,97.9
樹林區,猐寮里,1374,900089,655,525,326,832,528.53,80.68
樹林區,三多里,1273,818636,643,495,302,799,577.03,89.73
樹林區,東山里,1106,775893,702,494,308,804,1136.32,161.98
樹林區,西山里,9,3815,424,428,236,510,263.58,62.18
樹林區,樂山里,430,304878,709,543,330,829,762.26,107.51
樹林區,東園里,477,381525,800,552,341,864,1447.67,180.99
樹林區,西園里,487,330675,679,537,316,858,558.1,82.19
樹林區,南園里,4057,4533220,1117,797,445,1386,1219.98,109.18
樹林區,北園里,656,477299,728,525,319,866,732.5,100.67
樹林區,柑園里,2743,3356197,1224,823,450,1458,1962.21,160.37
樹林區,樹南里,1315,1098414,835,608,362,1042,907.44,108.64
樹林區,樹德里,1167,886427,760,537,342,912,710.48,93.54
樹林區,樹人里,1060,876310,827,570,360,965,1054.86,127.6
樹林區,保安里,1960,1501596,766,549,334,969,722.81,94.35
樹林區,三福里,1159,731303,631,503,306,792,548.9,86.99
樹林區,三興里,1153,714373,620,505,331,778,480.74,77.59
樹林區,大同里,998,787994,790,595,358,1007,708.39,89.72
樹林區,彭福里,1480,1078804,729,556,359,900,609.27,83.59
樹林區,東陽里,1786,1256620,704,551,337,918,561.95,79.87
樹林區,東昇里,1437,1061554,739,548,330,915,799.12,108.17
樹林區,和平里,1132,751748,664,517,323,805,572.58,86.22
樹林區,圳福里,1299,881600,679,527,340,843,553.08,81.49
樹林區,圳安里,1102,766875,696,544,339,862,622.29,89.42
樹林區,樹興里,1100,866305,788,564,369,996,726.14,92.2
樹林區,彭興里,1660,1042912,628,513,334,784,473.15,75.31
樹林區,文林里,1582,1160713,734,560,344,931,589.43,80.34
樹林區,光興里,1107,717800,648,515,325,830,505.81,78.01
樹林區,金寮里,1210,798424,660,525,342,809,497.37,75.38
樹林區,中山里,1479,1088584,736,563,348,909,659.76,89.64
樹林區,山佳里,1694,1214633,717,569,353,890,611.13,85.23
樹林區,育英里,926,780438,843,611,355,1032,885.91,105.11
樹林區,樹福里,1191,1309567,1100,704,387,1263,3246.01,295.21
樹林區,中華里,953,675749,709,571,340,914,574.92,81.08
樹林區,太順里,828,525548,635,514,311,791,507.7,79.99
樹林區,圳民里,813,566224,696,555,350,878,611.22,87.76
樹林區,圳生里,639,382699,599,486,313,726,457.1,76.32
樹林區,三龍里,727,507724,698,541,320,837,649.12,92.95
樹林區,其　他,15,14963,998,734,600,1162,687.9,68.96
樹林區,合　計,51246,40410578,789,570,346,955,1032.95,130.99
中和區,中原里,1683,1397275,830,605,363,1063,770.96,92.86
中和區,平河里,3042,2742352,901,642,383,1106,1392.98,154.52
中和區,力行里,2044,1942331,950,697,409,1238,840.44,88.44
中和區,枋寮里,1108,916299,827,601,351,1029,761.95,92.14
中和區,廟美里,1446,1162022,804,578,356,975,857.66,106.73
中和區,瓦磘里,1650,1472045,892,609,377,1071,1478.34,165.71
中和區,積穗里,2780,2437024,877,633,382,1077,882.69,100.69
中和區,瑞穗里,749,618964,826,631,384,1030,752.45,91.05
中和區,灰磘里,157,113656,724,549,327,819,643.58,88.9
中和區,錦和里,1745,1610075,923,652,394,1125,1089.49,118.08
中和區,內南里,1507,1083851,719,543,347,869,663.48,92.25
中和區,外南里,1356,1091163,805,591,374,967,783.99,97.43
中和區,頂南里,985,834139,847,602,370,1006,848.78,100.23
中和區,橫路里,86,51777,602,459,318,786,448.34,74.47
中和區,連和里,842,807339,959,678,407,1174,1067.61,111.34
中和區,漳和里,1118,1035916,927,635,355,1159,954.51,103.01
中和區,秀山里,1439,1154002,802,581,344,1005,839.98,104.74
中和區,員山里,2004,1712736,855,616,374,1072,1435.57,167.97
中和區,安樂里,1302,1449437,1113,751,400,1475,1172.6,105.33
中和區,壽德里,1338,1132039,846,657,393,1090,694.29,82.06
中和區,新南里,2746,2915977,1062,761,426,1402,1028.94,96.9
中和區,崇南里,1350,1168230,865,626,367,1095,801,92.56
中和區,東南里,1170,890276,761,580,329,977,656.4,86.26
中和區,秀明里,1642,1620527,987,666,390,1188,1417.1,143.59
中和區,安平里,1975,2204493,1116,755,418,1466,1162.98,104.19
中和區,景平里,1908,1758540,922,653,377,1139,975.06,105.79
中和區,嘉穗里,897,637149,710,556,347,875,616.26,86.76
中和區,景安里,1600,1382242,864,625,367,1137,769.5,89.07
中和區,連城里,2066,1822468,882,636,371,1159,817.1,92.63
中和區,福美里,1398,1034489,740,554,342,917,686.62,92.79
中和區,安和里,1127,1133974,1006,706,388,1289,1194.89,118.75
中和區,中安里,1645,1824700,1109,758,400,1456,1134.15,102.25
中和區,泰安里,1152,982383,853,564,360,1017,942.55,110.53
中和區,華南里,1487,1286704,865,598,370,1039,914.83,105.72
中和區,秀峰里,1431,1209048,845,634,366,1057,828.05,98.01
中和區,秀水里,1116,769837,690,533,339,856,567.98,82.34
中和區,景南里,940,712294,758,540,344,910,744.28,98.22
中和區,復興里,1631,1226965,752,557,345,924,674.31,89.64
中和區,和興里,1435,1382894,964,624,372,1117,1545.34,160.36
中和區,南山里,1848,1929182,1044,729,408,1309,1320.63,126.51
中和區,景新里,1116,869368,779,597,364,985,631.52,81.07
中和區,景福里,1711,1427758,834,584,356,1011,876.94,105.09
中和區,清穗里,962,727826,757,563,349,954,736.12,97.3
中和區,佳和里,1530,1296638,847,620,350,1041,864.13,101.96
中和區,德穗里,1432,1194568,834,584,359,991,1060.89,127.18
中和區,嘉新里,1193,830308,696,536,345,869,677.6,97.36
中和區,建和里,1119,882486,789,550,339,934,1005.78,127.53
中和區,仁和里,1274,893077,701,552,334,890,615.6,87.82
中和區,秀景里,2117,2004856,947,695,399,1260,849.09,89.66
中和區,中正里,1229,842222,685,521,333,855,581.54,84.86
中和區,福善里,1375,1066526,776,567,367,946,896.59,115.59
中和區,福真里,1307,995699,762,587,358,965,626.75,82.27
中和區,秀仁里,1055,979641,929,675,397,1165,839.82,90.44
中和區,忠孝里,1498,1054441,704,553,343,878,587.93,83.52
中和區,民享里,857,604329,705,562,351,884,578.51,82.04
中和區,民生里,1413,1185136,839,619,382,1034,785.7,93.68
中和區,國光里,1203,959994,798,595,357,1004,682.91,85.58
中和區,福和里,1175,1041217,886,582,371,943,3025.87,341.47
中和區,秀成里,1135,1026664,905,609,369,1049,1033.11,114.21
中和區,秀福里,1641,1562160,952,647,383,1144,1020.25,107.17
中和區,華新里,2341,1831999,783,594,372,1026,661.35,84.51
中和區,壽南里,738,550400,746,546,320,943,691.84,92.76
中和區,文元里,1672,1193502,714,551,348,889,649.7,91.02
中和區,明德里,1181,812334,688,545,349,869,546.66,79.47
中和區,信和里,1167,858268,735,544,328,900,693.86,94.34
中和區,福祥里,1524,1208867,793,563,344,953,1013.9,127.82
中和區,景文里,1131,1068450,945,672,384,1178,991.89,105
中和區,錦昌里,675,647177,959,662,356,1204,991.74,103.44
中和區,民安里,1553,1168535,752,572,349,951,615.57,81.81
中和區,安穗里,1446,1127865,780,583,363,975,677.02,86.8
中和區,明穗里,1486,1247510,840,601,374,1030,858.23,102.23
中和區,自強里,1585,1141140,720,531,336,886,926.42,128.68
中和區,正行里,1012,909414,899,666,405,1131,828.02,92.14
中和區,德行里,2288,2424260,1060,765,444,1364,1034.08,97.6
中和區,安順里,1527,1462666,958,654,376,1191,1030.59,107.59
中和區,宜安里,631,563842,894,634,374,1153,885.66,99.11
中和區,秀義里,831,692726,834,599,364,1053,804.93,96.56
中和區,秀士里,747,643404,861,639,362,1151,753.63,87.5
中和區,興南里,974,713537,733,543,328,937,681.21,92.99
中和區,景本里,632,462429,732,516,306,909,912.37,124.69
中和區,中興里,2244,2239818,998,752,433,1300,865.81,86.74
中和區,吉興里,1052,1002728,953,685,394,1263,856.9,89.9
中和區,福南里,1310,1022411,780,563,362,943,817.04,104.69
中和區,正南里,1019,702327,689,537,336,835,591.97,85.89
中和區,錦盛里,1183,837396,708,546,335,890,651.3,92.01
中和區,中山里,911,719952,790,599,362,952,781.61,98.9
中和區,冠穗里,1135,938548,827,570,349,968,1361.4,164.64
中和區,嘉慶里,1226,899386,734,581,352,912,633.6,86.37
中和區,錦中里,1183,908830,768,568,347,982,678.28,88.29
中和區,員富里,993,725697,731,569,362,939,575.99,78.82
中和區,民有里,922,728094,790,550,346,882,1604.82,203.22
中和區,碧河里,1331,1194699,898,646,380,1124,936.89,104.38
中和區,國華里,1008,730419,725,577,359,896,575.41,79.41
中和區,其　他,211,148330,703,466,329,788,732.13,104.15
中和區,合　計,126156,107628689,853,610,366,1056,971.78,113.91
土城區,埤塘里,1036,728493,703,544,348,863,623.75,88.7
土城區,土城里,606,446462,737,521,333,848,882.25,119.75
土城區,員林里,1744,1340248,768,572,348,951,712.36,92.7
土城區,貨饒里,1243,851360,685,532,338,848,592.4,86.49
土城區,柑林里,1000,898667,899,669,392,1146,761.54,84.74
土城區,埤林里,2734,2411270,882,642,384,1131,773.81,87.74
土城區,峰廷里,2005,1283667,640,497,329,797,523.14,81.71
土城區,廷寮里,1364,1055653,774,553,351,912,2177.34,281.33
土城區,清水里,2351,1677546,714,538,341,909,592.96,83.1
土城區,清化里,449,311199,693,536,335,781,847.13,122.23
土城區,大安里,1461,1093309,748,551,329,908,827.6,110.59
土城區,永寧里,2452,1828122,746,553,348,931,765,102.61
土城區,祖田里,422,262701,623,493,323,802,509.02,81.77
土城區,頂埔里,1524,1216860,798,554,351,891,2034.81,254.84
土城區,沛陂里,1360,1028019,756,552,350,858,1086.97,143.8
土城區,頂新里,885,862634,975,711,415,1191,1449.79,148.74
土城區,長風里,632,587616,930,668,395,1214,965.62,103.86
土城區,頂福里,1305,828203,635,510,336,805,480.24,75.67
土城區,員仁里,1675,1072625,640,506,323,788,539.08,84.18
土城區,日新里,1397,963054,689,527,332,880,651.03,94.44
土城區,瑞興里,890,648043,728,541,355,887,703.51,96.62
土城區,清溪里,1909,1570926,823,578,351,992,1059.95,128.81
土城區,清和里,1671,1043253,624,504,324,781,492.04,78.81
土城區,永豐里,1263,1095307,867,609,364,1114,777.49,89.65
土城區,日和里,1691,1176842,696,502,335,853,593.25,85.24
土城區,平和里,1947,1419991,729,517,336,862,2027.77,278.04
土城區,樂利里,1633,1160910,711,543,332,880,591.52,83.21
土城區,廣福里,1754,1584211,903,631,388,1143,1023.05,113.27
土城區,學府里,1059,765561,723,550,367,879,577.81,79.93
土城區,延壽里,1300,873290,672,523,339,827,597.4,88.93
土城區,安和里,1407,967685,688,534,334,898,523.81,76.16
土城區,青雲里,833,669113,803,535,342,875,1470.81,183.11
土城區,員福里,1629,1195657,734,539,338,893,709.25,96.63
土城區,延吉里,1115,697427,625,492,327,760,516.21,82.53
土城區,復興里,1385,1078742,779,557,351,972,698.67,89.7
土城區,裕生里,1671,1268614,759,568,353,962,659.94,86.93
土城區,員信里,1329,998831,752,552,340,891,823.04,109.51
土城區,延和里,1860,1415329,761,562,359,946,655.03,86.08
土城區,學成里,962,732764,762,575,362,950,657.46,86.31
土城區,永富里,1402,905803,646,522,344,812,471.18,72.93
土城區,中正里,913,747888,819,611,372,1062,704.65,86.02
土城區,學士里,1439,1448127,1006,721,408,1321,1004.79,99.85
土城區,明德里,1854,1877522,1013,742,413,1340,1045.37,103.23
土城區,廣興里,1061,872615,822,606,357,1013,788.93,95.92
土城區,青山里,804,570165,709,516,335,843,911.23,128.49
土城區,金城里,1694,1385037,818,623,377,1013,910.26,111.33
土城區,延祿里,1119,741367,663,543,346,790,525.29,79.29
土城區,其　他,18,7818,434,382,236,571,305.23,70.27
土城區,合　計,65257,49666547,761,558,349,935,935.74,122.95
瑞芳區,龍潭里,267,224533,841,531,339,876,1316.21,156.52
瑞芳區,龍鎮里,405,263615,651,496,324,796,596.93,91.71
瑞芳區,龍山里,404,255166,632,484,317,794,532.13,84.25
瑞芳區,龍川里,503,335987,668,514,326,854,549.79,82.31
瑞芳區,龍安里,173,110616,639,496,324,845,486.53,76.09
瑞芳區,柑坪里,326,195292,599,490,309,718,483.12,80.65
瑞芳區,爪峰里,1140,717662,630,515,313,799,477.98,75.93
瑞芳區,基山里,97,64265,663,546,336,768,522.13,78.81
瑞芳區,永慶里,81,45377,560,426,260,673,481.67,85.98
瑞芳區,崇文里,82,61855,754,533,339,865,770.16,102.1
瑞芳區,福住里,32,18942,592,543,304,764,326.26,55.12
瑞芳區,頌德里,85,46684,549,475,267,675,537.5,97.87
瑞芳區,瓜山里,52,55078,1059,475,349,1162,1883.82,177.86
瑞芳區,石山里,97,73355,756,575,344,1009,609.87,80.65
瑞芳區,新山里,88,50169,570,474,322,745,408.87,71.72
瑞芳區,銅山里,55,30247,550,496,292,737,347.65,63.22
瑞芳區,龍興里,658,538516,818,627,363,1060,698.17,85.31
瑞芳區,濓洞里,131,93157,711,562,308,1046,583.72,82.08
瑞芳區,吉慶里,521,318449,611,496,314,744,559.02,91.46
瑞芳區,傑魚里,593,336914,568,451,302,709,484.26,85.23
瑞芳區,上天里,425,240020,565,476,319,702,375.41,66.47
瑞芳區,猴硐里,125,69348,555,411,279,643,608.8,109.74
瑞芳區,光復里,80,39374,492,484,259,686,302.68,61.5
瑞芳區,弓橋里,98,56575,577,392,276,610,820.74,142.17
瑞芳區,碩仁里,25,12320,493,301,240,608,475.8,96.55
瑞芳區,海濱里,293,189286,646,467,300,811,727.69,112.64
瑞芳區,深澳里,267,159018,596,510,300,765,453.83,76.2
瑞芳區,鼻頭里,134,68922,514,410,272,604,534.13,103.85
瑞芳區,南雅里,53,27509,519,454,332,664,301.19,58.03
瑞芳區,吉安里,879,546142,621,513,307,774,519.19,83.56
瑞芳區,濓新里,69,47816,693,467,290,1001,550.67,79.46
瑞芳區,瑞濱里,556,341067,613,473,303,802,470.29,76.67
瑞芳區,東和里,493,283129,574,480,295,745,417.41,72.68
瑞芳區,新峰里,923,596190,646,517,326,824,483.84,74.91
瑞芳區,其　他,0,0,0,0,0,0,0,0
瑞芳區,合　計,10210,6512594,638,500,312,792,581.49,91.16
平溪區,薯榔里,101,50966,505,398,272,698,365.02,72.34
平溪區,白石里,74,41290,558,471,340,686,336.67,60.34
平溪區,菁桐里,71,42528,599,447,303,720,515.11,86
平溪區,平溪里,90,47665,530,400,292,694,394.34,74.46
平溪區,石底里,128,79220,619,459,268,790,611.44,98.79
平溪區,嶺腳里,177,105241,595,431,283,742,573.64,96.48
平溪區,東勢里,89,66489,747,525,306,931,986.23,132.01
平溪區,平湖里,31,16907,545,447,292,637,415.06,76.11
平溪區,南山里,87,42888,493,464,263,659,296.99,60.24
平溪區,新寮里,29,16258,561,559,260,764,332.69,59.34
平溪區,十分里,206,128699,625,442,288,743,688.71,110.24
平溪區,望古里,36,25983,722,552,316,955,563.63,78.09
平溪區,其　他,0,0,0,0,0,0,0,0
平溪區,合　計,1119,664134,594,457,285,744,578.71,97.51
雙溪區,雙溪里,119,124094,1043,469,277,682,5331.87,511.3
雙溪區,共和里,137,82155,600,480,287,755,511.27,85.26
雙溪區,新基里,217,139025,641,459,260,774,693.18,108.2
雙溪區,魚行里,181,118997,657,482,314,829,491.98,74.83
雙溪區,三港里,118,90803,770,608,387,999,592.46,76.99
雙溪區,牡丹里,460,296683,645,485,300,777,692.55,107.38
雙溪區,三貂里,71,68863,970,443,290,654,3078.8,317.44
雙溪區,平林里,263,183963,699,541,331,873,612.24,87.53
雙溪區,上林里,167,99123,594,484,283,726,464.97,78.34
雙溪區,外柑里,100,55602,556,487,279,650,482.37,86.75
雙溪區,長源里,83,43219,521,467,294,670,339.93,65.28
雙溪區,泰平里,214,156820,733,489,321,869,893.77,121.97
雙溪區,其　他,0,0,0,0,0,0,0,0
雙溪區,合　計,2130,1459346,685,487,298,796,1506.05,219.82
貢寮區,貢寮里,232,144734,624,478,306,743,581.93,93.28
貢寮區,雙玉里,194,134928,696,493,317,756,739.19,106.28
貢寮區,龍崗里,101,62107,615,432,314,759,501.85,81.61
貢寮區,吉林里,107,68738,642,422,282,698,1020.5,158.86
貢寮區,龍門里,176,107087,608,475,292,722,531.38,87.33
貢寮區,福隆里,392,228216,582,439,274,692,581.97,99.96
貢寮區,福連里,183,112996,617,460,282,718,698.02,113.05
貢寮區,仁里里,483,307528,637,473,284,829,565.99,88.89
貢寮區,真理里,498,286623,576,446,269,685,482.13,83.77
貢寮區,美豐里,171,104261,610,516,279,794,677.69,111.15
貢寮區,和美里,227,131558,580,473,312,713,482.05,83.18
貢寮區,其　他,0,0,0,0,0,0,0,0
貢寮區,合　計,2764,1688776,611,463,288,731,599.59,98.13
金山區,和平里,125,86759,694,470,292,910,806.51,116.2
金山區,大同里,181,118473,655,533,307,829,555.97,84.94
金山區,豐漁里,104,57509,553,434,298,663,453.73,82.05
金山區,磺港里,361,196860,545,414,273,686,442.12,81.08
金山區,美田里,1251,809774,647,515,300,834,536.51,82.88
金山區,五湖里,507,336065,663,485,287,804,1005.16,151.64
金山區,重和里,375,282366,753,463,266,781,1096.69,145.65
金山區,兩湖里,106,58002,547,388,217,728,479.23,87.58
金山區,六股里,171,103704,606,463,266,703,637.58,105.13
金山區,三界里,146,80452,551,423,259,726,471.18,85.51
金山區,清泉里,200,118782,594,467,297,830,473.18,79.67
金山區,西湖里,57,40743,715,543,375,957,567.27,79.36
金山區,萬壽里,103,61970,602,520,307,832,405.68,67.43
金山區,永興里,155,84244,544,431,261,678,462.64,85.12
金山區,金美里,1422,859152,604,459,278,780,520.9,86.22
金山區,其　他,7,2077,297,345,206,373,154.21,51.98
金山區,合　計,5271,3296935,625,471,284,783,644.32,103.01
萬里區,萬里里,1204,750507,623,472,304,767,648.82,104.09
萬里區,龜吼里,506,370770,733,523,293,855,894.96,122.14
萬里區,野柳里,663,414289,625,477,298,722,733.49,117.38
萬里區,大鵬里,712,413960,581,458,284,731,491.1,84.47
萬里區,磺潭里,155,109309,705,545,306,933,575.75,81.64
萬里區,雙興里,218,216933,995,532,335,879,3257.78,327.38
萬里區,溪底里,153,101229,662,540,322,857,493.37,74.57
萬里區,崁腳里,129,82669,641,476,348,726,579.48,90.42
萬里區,中幅里,283,183009,647,482,288,771,724.15,111.98
萬里區,北基里,613,340457,555,448,283,697,434.38,78.21
萬里區,其　他,12,5421,452,302,253,524,435.83,96.48
萬里區,合　計,4648,2988553,643,478,300,763,948.24,147.48
淡水區,草東里,258,214409,831,572,307,1030,855.13,102.9
淡水區,長庚里,484,381346,788,542,303,952,883.65,112.15
淡水區,清文里,330,231338,701,502,289,798,888.24,126.71
淡水區,鄧公里,2325,3181643,1368,734,410,1338,14664.29,1071.6
淡水區,永吉里,269,199420,741,551,351,937,704.55,95.04
淡水區,協元里,444,317289,715,543,320,899,619.54,86.7
淡水區,民安里,243,211054,869,554,263,1092,1137.34,130.95
淡水區,新生里,195,189287,971,550,338,1019,1970.48,203
淡水區,文化里,602,567904,943,636,354,1139,2418.69,256.39
淡水區,油車里,1648,1352446,821,611,350,1030,792.69,96.59
淡水區,沙崙里,1037,787701,760,545,340,913,834.68,109.88
淡水區,水碓里,1854,1454612,785,565,337,987,792.66,101.03
淡水區,北投里,2472,2333838,944,726,400,1243,834.56,88.4
淡水區,崁頂里,1435,1442771,1005,760,418,1282,1003.18,99.78
淡水區,屯山里,272,184850,680,532,333,802,601.98,88.58
淡水區,中和里,168,123855,737,564,341,846,727.4,98.67
淡水區,水源里,610,461390,756,562,334,977,724.62,95.8
淡水區,忠寮里,302,243377,806,537,322,886,1113.83,138.21
淡水區,樹興里,357,362176,1014,584,345,1108,1632.75,160.94
淡水區,埤島里,424,341697,806,598,341,989,836.71,103.82
淡水區,興仁里,456,446643,979,542,314,990,3855.76,393.65
淡水區,義山里,781,514901,659,504,306,793,680.34,103.19
淡水區,蕃薯里,259,244105,942,586,337,969,2451.48,260.11
淡水區,忠山里,255,178836,701,511,293,854,686.69,97.91
淡水區,賢孝里,410,294079,717,539,346,869,744.93,103.86
淡水區,竿蓁里,3262,3498049,1072,732,402,1243,1720.09,160.4
淡水區,坪頂里,439,409538,933,603,330,1154,1404.93,150.6
淡水區,八勢里,1905,2538146,1332,835,416,1482,2357.7,176.96
淡水區,竹圍里,2251,2115455,940,677,405,1191,994.78,105.85
淡水區,中興里,1223,905647,741,542,325,902,762.04,102.91
淡水區,福德里,2398,2850002,1188,789,417,1424,2286.83,192.41
淡水區,民生里,2363,2180729,923,651,372,1142,1137.96,123.31
淡水區,新興里,2333,1988117,852,653,361,1074,854.93,100.32
淡水區,新義里,1136,819898,722,520,328,844,709.59,98.32
淡水區,新春里,1944,1908096,982,710,400,1220,1168.66,119.07
淡水區,新民里,1331,1356687,1019,670,397,1276,1367.29,134.14
淡水區,正德里,1312,1145835,873,678,364,1143,722.99,82.78
淡水區,北新里,846,815646,964,705,386,1360,851.95,88.37
淡水區,幸福里,1162,855936,737,570,338,948,628.48,85.32
淡水區,學府里,1217,951349,782,598,345,1003,788.4,100.86
淡水區,民權里,1279,1171194,916,672,371,1206,845.91,92.38
淡水區,大庄里,1497,1331648,890,632,367,1093,974.9,109.6
淡水區,其　他,60,51934,866,635,393,1040,726.87,83.98
淡水區,合　計,45848,43154874,941,644,365,1132,3544.83,376.6
汐止區,仁德里,564,422537,749,534,349,852,1119.01,149.37
汐止區,義民里,445,323519,727,519,330,836,733.88,100.94
汐止區,禮門里,329,270802,823,570,344,910,980.85,119.16
汐止區,智慧里,1422,1412331,993,714,399,1239,982.2,98.89
汐止區,信望里,109,97301,893,473,242,779,2716.76,304.34
汐止區,橋東里,1186,972260,820,600,363,1020,846.75,103.29
汐止區,茄苳里,1368,953656,697,563,356,890,568.41,81.54
汐止區,保安里,460,313349,681,543,330,846,747.4,109.72
汐止區,保長里,1325,945313,713,572,355,927,563.6,79
汐止區,鄉長里,687,494662,720,545,343,902,603.69,83.84
汐止區,江北里,1784,1296628,727,554,345,906,673.1,92.61
汐止區,烘內里,450,408267,907,637,375,1070,897.26,98.9
汐止區,拱北里,1364,895675,657,510,335,802,556.47,84.74
汐止區,樟樹里,695,447715,644,499,328,772,563.56,87.48
汐止區,北峰里,1406,938955,668,522,336,815,604,90.44
汐止區,北山里,1898,1711243,902,602,366,1078,1448.55,160.66
汐止區,八連里,281,183452,653,513,332,820,519.93,79.64
汐止區,白雲里,1315,1292958,983,702,379,1220,1083.08,110.15
汐止區,橫科里,1390,1179688,849,604,362,1010,879.77,103.66
汐止區,東山里,165,115697,701,541,370,828,602.72,85.96
汐止區,新昌里,1770,1503614,849,622,365,1083,758.98,89.34
汐止區,秀峰里,1273,946156,743,556,337,986,621.18,83.58
汐止區,復興里,2545,2919654,1147,792,429,1474,1268.2,110.55
汐止區,長安里,466,308053,661,514,324,859,513.97,77.75
汐止區,福山里,1278,1585714,1241,677,389,1458,1873.46,150.99
汐止區,宜興里,1030,1085159,1054,674,390,1168,1411.99,134.02
汐止區,中興里,2482,1879373,757,565,355,937,697.11,92.06
汐止區,湖光里,2102,2218453,1055,734,417,1305,1286.85,121.93
汐止區,厚德里,2282,1847581,810,609,380,1017,776.76,95.94
汐止區,忠孝里,2387,1881843,788,584,360,974,785.83,99.68
汐止區,文化里,1299,1104615,850,617,359,1042,939.09,110.44
汐止區,自強里,1652,1577901,955,659,377,1191,1532.16,160.41
汐止區,金龍里,1602,1268766,792,610,380,989,676.32,85.39
汐止區,福德里,986,778765,790,575,354,985,754.47,95.52
汐止區,興福里,961,804417,837,629,400,1077,720.77,86.11
汐止區,康福里,1900,1705442,898,680,407,1145,786.65,87.64
汐止區,忠山里,1290,2084912,1616,834,455,1790,3170.61,196.18
汐止區,環河里,467,334894,717,539,327,848,748.39,104.36
汐止區,東勢里,1444,2097192,1452,861,466,1659,2515.09,173.17
汐止區,山光里,779,589335,757,596,388,962,590.74,78.09
汐止區,大同里,897,722749,806,584,358,1019,784.57,97.37
汐止區,崇德里,1520,1327431,873,639,396,1109,816.52,93.5
汐止區,湖興里,2188,2584301,1181,751,431,1381,1923.96,162.89
汐止區,長青里,347,516245,1488,800,358,1815,1838.83,123.6
汐止區,福安里,1847,1960426,1061,793,436,1386,956.96,90.16
汐止區,秀山里,1381,1654747,1198,711,396,1387,2011.26,167.85
汐止區,建成里,1634,1485170,909,725,400,1192,748.16,82.31
汐止區,城中里,1365,1290503,945,723,432,1259,775.14,81.99
汐止區,湖蓮里,893,1144222,1281,926,461,1655,1276.29,99.61
汐止區,保新里,772,537803,697,555,345,895,538.47,77.3
汐止區,其　他,26,23479,903,739,368,869,880.05,97.45
汐止區,合　計,61508,56444926,918,630,376,1108,1205.98,131.42
三芝區,八賢里,94,55825,594,472,230,764,614.85,103.53
三芝區,埔頭里,1377,830188,603,486,294,774,484.66,80.39
三芝區,古庄里,284,189689,668,517,330,825,544.64,81.54
三芝區,新庄里,219,125800,574,444,285,727,434.89,75.71
三芝區,埔坪里,1835,1126604,614,472,290,750,572.75,93.29
三芝區,茂長里,165,106468,645,468,297,902,553.68,85.81
三芝區,橫山里,136,81083,596,434,264,805,473.53,79.43
三芝區,錫板里,214,141920,663,502,304,759,602.46,90.84
三芝區,後厝里,640,565812,884,565,311,966,1501.69,169.86
三芝區,福德里,227,217741,959,563,331,1066,1338.13,139.5
三芝區,圓山里,167,158578,950,540,318,887,2506.69,263.98
三芝區,店子里,161,100324,623,509,292,783,500.29,80.29
三芝區,興華里,333,280283,842,526,336,817,1488.64,176.86
三芝區,其　他,10,7383,738,523,415,823,579.46,78.49
三芝區,合　計,5862,3987698,680,497,298,805,923.34,135.73
石門區,德茂里,243,130859,539,445,278,633,500.24,92.89
石門區,富基里,340,202174,595,463,294,742,471.34,79.27
石門區,老梅里,568,427256,752,452,294,747,3612.43,480.24
石門區,山溪里,208,134208,645,479,301,778,612.04,94.86
石門區,石門里,442,293941,665,490,319,819,563.81,84.78
石門區,尖鹿里,451,280158,621,466,315,780,580.19,93.4
石門區,乾華里,77,46592,605,488,344,762,504.23,83.33
石門區,茂林里,233,175667,754,593,348,1036,534.28,70.86
石門區,草里里,263,155545,591,464,305,726,467.59,79.06
石門區,其　他,1,305,305,305,305,305,0,0
石門區,合　計,2826,1846706,653,475,305,768,1689.24,258.5
八里區,龍源里,1960,1778672,907,594,358,1026,1669.85,184.01
八里區,米倉里,874,667517,764,564,336,936,747.26,97.84
八里區,大崁里,737,594451,807,573,338,976,859.9,106.61
八里區,埤頭里,1008,734340,729,552,337,878,725.45,99.58
八里區,頂罟里,484,349260,722,525,326,898,666.71,92.39
八里區,舊城里,1818,1261152,694,544,346,883,557.93,80.43
八里區,訊塘里,1061,750217,707,544,346,894,604.13,85.44
八里區,荖阡里,442,317412,718,524,342,853,666.93,92.87
八里區,下罟里,379,276297,729,507,319,844,890.52,122.15
八里區,長坑里,390,238943,613,488,300,796,470.94,76.87
八里區,其　他,50,22592,452,358,179,533,469.13,103.83
八里區,合　計,9203,6990853,760,550,340,912,980.99,129.14
永和區,下溪里,1228,1168940,952,648,383,1163,1186.05,124.6
永和區,中溪里,1588,1576428,993,677,391,1229,1185.1,119.38
永和區,上溪里,648,611299,943,668,371,1205,976.61,103.52
永和區,後溪里,591,620738,1050,688,374,1214,1792.15,170.63
永和區,頂溪里,874,887496,1015,665,377,1304,1375.21,135.43
永和區,網溪里,374,345125,923,689,379,1125,922.2,99.94
永和區,復興里,854,780374,914,637,352,1163,894.58,97.9
永和區,竹林里,1223,1157205,946,650,371,1151,1173.53,124.03
永和區,中興里,937,917025,979,658,391,1143,1038.68,106.13
永和區,店街里,1419,1636854,1154,742,411,1407,1810.86,156.98
永和區,潭墘里,1570,1789745,1140,766,398,1500,1444.87,126.75
永和區,水源里,1394,1307377,938,690,362,1221,887.31,94.61
永和區,秀朗里,1281,1034303,807,605,359,993,767.61,95.07
永和區,大同里,249,176696,710,554,324,886,759.27,107
永和區,永成里,237,167458,707,559,354,880,591.22,83.67
永和區,福和里,1925,2108299,1095,749,398,1406,1281.25,116.99
永和區,豫溪里,1221,1189561,974,687,363,1264,945.56,97.05
永和區,上林里,1124,1162023,1034,695,410,1252,1277.83,123.6
永和區,新廍里,736,689065,936,675,402,1200,836.66,89.36
永和區,和平里,1629,1660200,1019,688,378,1266,1551.01,152.19
永和區,仁愛里,885,860958,973,648,394,1275,954.37,98.1
永和區,前溪里,715,713278,998,657,360,1215,1183.45,118.63
永和區,永興里,1046,914300,874,635,368,1076,851.42,97.41
永和區,永安里,1490,1709802,1148,756,392,1442,1540.24,134.22
永和區,雙和里,1302,1286383,988,759,416,1284,904.41,91.54
永和區,得和里,1535,1556825,1014,689,396,1340,1027.24,101.28
永和區,大新里,927,943955,1018,720,374,1347,1028,100.95
永和區,桂林里,1202,1185551,986,668,384,1258,1038.71,105.31
永和區,勵行里,364,297141,816,585,345,1038,734.53,89.98
永和區,光復里,582,513477,882,644,373,1143,814.42,92.31
永和區,光明里,1009,976881,968,681,376,1276,920.56,95.08
永和區,信義里,947,978970,1034,697,391,1265,1503.5,145.44
永和區,正興里,799,757158,948,633,350,1211,1032.45,108.95
永和區,忠義里,180,119416,663,532,299,838,568.31,85.66
永和區,新生里,219,154962,708,560,381,888,526.65,74.43
永和區,河堤里,1102,1223697,1110,769,418,1375,1111.25,100.07
永和區,民治里,1004,895088,892,628,365,1073,1498.63,168.1
永和區,智光里,1058,826535,781,588,362,1034,653.08,83.6
永和區,秀和里,1669,1725839,1034,674,380,1284,1310.37,126.72
永和區,潭安里,1581,1567771,992,696,391,1294,1232.96,124.34
永和區,永貞里,1192,1240946,1041,676,372,1225,2511.08,241.2
永和區,福林里,1088,963122,885,610,355,1157,915.25,103.39
永和區,安和里,1356,1373028,1013,697,393,1261,1323.2,130.68
永和區,文化里,805,702727,873,628,358,1162,815.56,93.43
永和區,民權里,1549,1574099,1016,681,388,1211,1497.8,147.39
永和區,民生里,1251,1150415,920,634,370,1118,2005.4,218.07
永和區,永福里,996,1043850,1048,700,397,1276,1314.8,125.45
永和區,河濱里,1049,1106869,1055,681,405,1230,1405.75,133.23
永和區,永元里,1678,1552252,925,663,374,1193,893.55,96.59
永和區,秀成里,900,834016,927,655,386,1113,1079.89,116.53
永和區,秀林里,1192,1065732,894,632,369,1132,940.57,105.2
永和區,秀得里,901,853575,947,649,415,1167,1116.05,117.81
永和區,民族里,1566,1632527,1042,685,393,1268,1503.97,144.27
永和區,民本里,1326,1371518,1034,702,415,1314,1128.05,109.06
永和區,民樂里,1611,1866030,1158,717,396,1352,1521.58,131.36
永和區,協和里,913,745436,816,576,345,1006,901.63,110.43
永和區,保平里,1578,1547082,980,665,384,1260,1120.24,114.26
永和區,保安里,2482,2932792,1182,783,413,1465,1387.18,117.4
永和區,民富里,918,758917,827,648,368,1074,714.5,86.43
永和區,秀元里,1026,899487,877,607,363,1125,855,97.53
永和區,永樂里,812,781617,963,707,407,1299,807.33,83.87
永和區,保順里,3366,4178446,1241,888,474,1600,1607.28,129.48
永和區,其　他,62,49649,801,452,309,882,845.79,105.62
永和區,合　計,70335,70418332,1001,682,385,1252,1268.81,126.73
其　他,其　他,442,549346,1243,727,394,1318,4114.19,331.02
其　他,合　計,442,549346,1243,727,394,1318,4114.19,331.02
