101年度綜稅所得總額各縣市鄉鎮村里統計分析表-縣市別：高雄市,單位：金額(千元)
鄉鎮市區,村里,納稅單位,綜合所得總額,平均數,中位數,第一分位數,第三分位數,標準差,變異係數
鹽埕區,藍橋里,370,291633,788,630,351,1000,712.97,90.46
鹽埕區,慈愛里,95,81247,855,526,326,800,1396.02,163.23
鹽埕區,博愛里,152,105410,693,465,296,817,729.81,105.24
鹽埕區,陸橋里,308,250977,815,608,354,917,1023.21,125.57
鹽埕區,壽星里,356,297828,837,584,341,1002,845.28,101.04
鹽埕區,中山里,409,395879,968,597,350,960,1318.63,136.23
鹽埕區,瀨南里,176,226222,1285,561,310,1094,3706.26,288.35
鹽埕區,新樂里,317,280973,886,592,310,1097,1060.9,119.69
鹽埕區,教仁里,669,1129047,1688,556,318,931,17679.77,1047.59
鹽埕區,中原里,218,162063,743,528,284,890,1121.78,150.9
鹽埕區,府北里,388,254504,656,468,270,790,864.07,131.73
鹽埕區,育仁里,251,211392,842,568,332,966,1023.59,121.54
鹽埕區,光明里,409,354986,868,586,302,1057,858.93,98.96
鹽埕區,江西里,338,318824,943,593,354,1149,1231.51,130.56
鹽埕區,港都里,296,227504,769,533,297,887,879.78,114.47
鹽埕區,新化里,166,107975,650,505,310,776,549.22,84.44
鹽埕區,江南里,199,189490,952,560,321,967,1266.46,133
鹽埕區,河濱里,615,616597,1003,587,327,1115,1977.93,197.28
鹽埕區,南端里,308,316146,1026,529,312,988,4083.96,397.87
鹽埕區,沙地里,219,371294,1695,607,339,1041,7808.84,460.59
鹽埕區,新豐里,230,208918,908,589,328,1019,1388.11,152.82
鹽埕區,其　他,2,717,358,358,338,378,56.44,15.75
鹽埕區,合　計,6491,6399626,986,566,320,977,6047.97,613.43
鼓山區,前峰里,1396,1182704,847,634,352,1064,831.49,98.15
鼓山區,光榮里,1067,771149,723,528,322,886,750.72,103.87
鼓山區,民族里,379,264737,699,544,287,895,595.51,85.25
鼓山區,自強里,200,160505,803,623,331,1094,783.94,97.68
鼓山區,建國里,737,608332,825,581,331,965,1054.08,127.7
鼓山區,內惟里,283,215164,760,560,351,951,725.72,95.45
鼓山區,忠正里,1077,852619,792,542,324,913,1553.95,196.29
鼓山區,龍井里,355,234564,661,514,304,803,583.23,88.27
鼓山區,平和里,1146,859031,750,543,315,942,750.56,100.13
鼓山區,龍子里,5034,5684553,1129,804,453,1437,1166.53,103.3
鼓山區,鼓岩里,302,173025,573,478,275,789,447.79,78.16
鼓山區,樹德里,333,244349,734,533,327,966,623.35,84.95
鼓山區,寶樹里,275,187098,680,480,353,835,608.91,89.5
鼓山區,綠川里,353,234038,663,529,349,878,461.72,69.64
鼓山區,河邊里,390,283950,728,529,323,876,754.64,103.65
鼓山區,興宗里,355,241859,681,530,308,822,576.16,84.57
鼓山區,光化里,303,193183,638,480,294,776,644.29,101.05
鼓山區,山下里,375,282712,754,585,353,916,663.2,87.97
鼓山區,登山里,174,144227,829,523,316,799,1091.03,131.63
鼓山區,峰南里,218,134812,618,437,268,770,583.39,94.34
鼓山區,維生里,413,504960,1223,585,336,1106,2845.57,232.74
鼓山區,延平里,278,206317,742,501,303,871,802.26,108.1
鼓山區,新民里,264,169750,643,476,321,805,598.77,93.12
鼓山區,惠安里,362,308106,851,509,278,831,2358.78,277.14
鼓山區,壽山里,360,272286,756,504,319,797,1019.66,134.81
鼓山區,哨船頭里,280,220293,787,529,318,976,781.2,99.29
鼓山區,桃源里,188,166407,885,588,345,1157,797.82,90.13
鼓山區,正德里,555,406443,732,583,330,911,631.18,86.19
鼓山區,厚生里,887,635133,716,554,329,936,613.24,85.64
鼓山區,明誠里,5430,5473567,1008,755,408,1278,1097.94,108.92
鼓山區,民強里,817,551193,675,526,339,843,554.64,82.21
鼓山區,裕豐里,912,915111,1003,667,369,1220,1164.41,116.04
鼓山區,華豐里,1307,1243731,952,649,380,1120,1168.39,122.78
鼓山區,雄峰里,558,365992,656,530,310,825,551.75,84.12
鼓山區,鼓峰里,507,324680,640,522,340,821,457.2,71.39
鼓山區,麗興里,275,272641,991,523,311,925,2120.71,213.91
鼓山區,龍水里,6674,9290323,1392,918,481,1643,2433.75,174.84
鼓山區,裕興里,963,805554,837,591,343,1039,764.36,91.38
鼓山區,其　他,12,11793,983,592,326,901,1219.8,124.12
鼓山區,合　計,35794,35096890,981,662,371,1182,1445.34,147.4
左營區,自立里,6,6427,1071,1071,494,1664,713.65,66.63
左營區,崇實里,1121,1073230,957,774,480,1159,934.41,97.6
左營區,合羣里,672,552891,823,595,347,1005,788.74,95.87
左營區,復興里,22,17810,810,482,233,931,1202.98,148.6
左營區,自治里,1,1710,1710,1710,1710,1710,0,0
左營區,頂西里,256,184123,719,566,330,899,639.71,88.94
左營區,頂北里,147,101566,691,502,274,801,802.43,116.14
左營區,中北里,159,118474,745,533,344,886,717.98,96.36
左營區,中南里,114,81032,711,526,370,826,609.75,85.78
左營區,自助里,143,108906,762,631,406,886,671.28,88.14
左營區,自勉里,3,1844,615,708,546,730,200.81,32.66
左營區,尾西里,299,195973,655,511,288,927,503.18,76.77
左營區,尾北里,849,635603,749,578,353,924,675.18,90.19
左營區,廍南里,171,127163,744,494,273,841,937.84,126.11
左營區,廟東里,171,102441,599,486,312,745,466.38,77.85
左營區,廟北里,215,129708,603,442,293,722,546.2,90.54
左營區,尾南里,160,97763,611,462,259,841,580.84,95.06
左營區,廍北里,91,80674,887,592,385,864,1429.09,161.2
左營區,埤東里,245,255980,1045,504,317,945,3235.82,309.7
左營區,埤北里,307,211404,689,550,303,895,573.79,83.33
左營區,新上里,8358,9664150,1156,779,413,1437,2157.23,186.57
左營區,新中里,1548,1362923,880,602,373,1054,874.64,99.34
左營區,新下里,4244,4375513,1031,738,399,1290,1099.79,106.67
左營區,聖后里,222,137023,617,461,293,762,523.83,84.87
左營區,聖西里,71,48405,682,511,341,716,984.65,144.43
左營區,聖南里,143,112090,784,565,346,1037,682.1,87.02
左營區,埤西里,294,222003,755,504,309,865,899.15,119.07
左營區,路東里,214,175116,818,634,344,1017,717.63,87.7
左營區,城南里,148,102911,695,540,274,1033,559.43,80.45
左營區,進學里,411,277578,675,536,328,890,515.14,76.28
左營區,屏山里,359,257783,718,548,344,895,782.9,109.03
左營區,果惠里,344,224793,653,515,323,798,550.46,84.24
左營區,果貿里,797,595033,747,622,354,956,683.37,91.53
左營區,海勝里,1424,970788,682,569,340,880,550.35,80.73
左營區,莒光里,545,361461,663,547,315,919,485.63,73.22
左營區,永清里,301,312897,1040,1013,875,1186,350.89,33.76
左營區,果峰里,383,248276,648,541,355,834,469.35,72.4
左營區,光輝里,886,706800,798,599,335,1094,730.26,91.54
左營區,菜公里,9078,9373976,1033,787,432,1312,1065.79,103.21
左營區,祥和里,66,44137,669,610,356,884,441.57,66.03
左營區,新光里,4304,4395420,1021,746,418,1274,1196.19,117.13
左營區,明建里,332,305761,921,840,434,1158,648.01,70.36
左營區,福山里,10403,10298364,990,753,433,1249,912.21,92.15
左營區,其　他,16,18089,1131,689,265,1097,1561.59,138.13
左營區,合　計,50043,48676013,973,708,397,1213,1260.74,129.61
楠梓區,東寧里,1118,993413,889,676,395,1125,733.86,82.59
楠梓區,享平里,953,787657,827,603,339,1015,795.83,96.29
楠梓區,五常里,1660,1202603,724,579,358,947,563.58,77.79
楠梓區,惠民里,1189,936527,788,580,346,1013,746.91,94.83
楠梓區,中陽里,778,576083,740,536,340,897,701.82,94.78
楠梓區,清豐里,6008,5135880,855,692,410,1128,680.37,79.59
楠梓區,稔田里,438,344219,786,620,364,990,729.1,92.77
楠梓區,玉屏里,688,542026,788,617,367,960,727.64,92.36
楠梓區,錦屏里,1019,830214,815,627,369,1065,702.36,86.21
楠梓區,金田里,952,753896,792,602,357,1058,669.28,84.52
楠梓區,廣昌里,898,638693,711,582,355,942,532.49,74.87
楠梓區,福昌里,594,469534,790,606,370,1025,634.83,80.31
楠梓區,泰昌里,391,285914,731,565,356,849,625.1,85.49
楠梓區,興昌里,1258,1087712,865,694,406,1165,682.09,78.89
楠梓區,建昌里,801,617051,770,599,369,974,676.61,87.83
楠梓區,中和里,509,436322,857,670,376,1100,834.78,97.38
楠梓區,中興里,460,390754,849,678,415,1049,663.49,78.11
楠梓區,藍田里,1495,1558523,1042,798,466,1342,936.35,89.82
楠梓區,宏毅里,836,798019,955,776,409,1312,787.43,82.49
楠梓區,宏南里,650,874952,1346,1021,472,2037,1096.66,81.47
楠梓區,宏榮里,890,893629,1004,802,443,1290,835.9,83.25
楠梓區,和昌里,629,485697,772,586,355,1006,625.7,81.03
楠梓區,隆昌里,1021,800225,784,573,333,1028,720.94,91.98
楠梓區,惠楠里,756,578742,766,586,349,1025,619.71,80.95
楠梓區,瑞屏里,1215,985131,811,614,371,1048,729.61,89.99
楠梓區,大昌里,531,353262,665,532,338,875,511.65,76.91
楠梓區,裕昌里,1075,1011046,941,723,416,1169,1444.34,153.57
楠梓區,加昌里,2525,2036779,807,630,384,1052,662.55,82.14
楠梓區,仁昌里,1514,1126469,744,600,386,939,553.9,74.44
楠梓區,惠豐里,1553,1242016,800,632,374,1011,1081.37,135.21
楠梓區,翠屏里,4379,3518330,803,632,380,1052,887.07,110.41
楠梓區,久昌里,726,504597,695,573,364,933,464.18,66.79
楠梓區,盛昌里,1766,1574455,892,679,407,1139,1279.84,143.55
楠梓區,宏昌里,993,831973,838,662,378,1068,718.84,85.8
楠梓區,秀昌里,651,561353,862,645,373,1115,742.05,86.06
楠梓區,慶昌里,1130,1068420,946,695,386,1271,1062.15,112.34
楠梓區,國昌里,1040,807047,776,591,374,985,636.06,81.97
楠梓區,其　他,5,4925,985,865,723,1407,527.82,53.58
楠梓區,合　計,45094,37644089,835,642,381,1083,807.89,96.78
三民區,鼎金里,1033,809123,783,618,363,979,688.24,87.87
三民區,鼎西里,2051,1603479,782,608,373,965,751.82,96.17
三民區,本館里,2631,2236249,850,626,388,1051,799.76,94.09
三民區,寶獅里,1169,1018368,871,615,360,1090,826.02,94.82
三民區,灣子里,1168,1041597,892,659,361,1069,989.44,110.95
三民區,安東里,1075,1015027,944,635,360,1141,1307.44,138.47
三民區,安生里,468,373583,798,553,337,989,852.39,106.78
三民區,港東里,406,328199,808,524,269,914,1387.1,171.59
三民區,港西里,192,141679,738,552,280,967,681.05,92.29
三民區,港北里,2,764,382,382,329,436,151.02,39.52
三民區,博愛里,391,302069,773,545,324,909,812.66,105.19
三民區,建東里,330,235775,714,571,326,902,596.27,83.46
三民區,鳳南里,253,180417,713,535,316,876,649.1,91.02
三民區,鳳北里,400,294902,737,534,306,911,716.54,97.19
三民區,德東里,272,217756,801,573,323,1005,790.97,98.8
三民區,德西里,276,256807,930,630,357,1104,1110.73,119.37
三民區,德北里,601,512122,852,627,360,1050,804.02,94.36
三民區,川東里,360,283468,787,597,332,999,713.95,90.67
三民區,千歲里,355,289156,815,555,315,1010,814.68,100.02
三民區,千北里,352,253571,720,528,304,914,667.7,92.69
三民區,興德里,516,438725,850,640,346,1055,841.94,99.02
三民區,正興里,3817,3715153,973,722,404,1244,898.91,92.36
三民區,十全里,494,452763,917,628,360,1071,1155.83,126.11
三民區,豐裕里,730,511431,701,531,330,865,624.4,89.12
三民區,力行里,346,233556,675,485,293,808,667.95,98.95
三民區,立誠里,226,212904,942,574,325,1116,1291.29,137.07
三民區,立德里,365,282575,774,575,323,978,709.74,91.68
三民區,達德里,536,563666,1052,642,358,1158,1485.54,141.26
三民區,灣華里,803,648071,807,607,361,1045,706.34,87.52
三民區,灣中里,1601,1265835,791,602,360,965,726.12,91.84
三民區,灣復里,1020,748150,733,555,351,891,673.28,91.79
三民區,灣興里,615,723703,1177,722,408,1423,1825.54,155.13
三民區,寶珠里,1620,1350695,834,605,350,1032,942.31,113.02
三民區,民享里,726,640329,882,599,331,1056,968.4,109.8
三民區,安宜里,971,789621,813,583,346,1039,758.75,93.3
三民區,同德里,943,880429,934,625,362,1145,1087.31,116.46
三民區,精華里,512,467066,912,620,359,1117,989.66,108.49
三民區,長明里,361,285599,791,516,298,912,1306.85,165.19
三民區,裕民里,384,341568,889,671,370,1137,793.8,89.24
三民區,寶龍里,1285,1192084,928,621,349,1107,1072.78,115.64
三民區,港新里,508,501726,988,614,327,1066,1677.53,169.85
三民區,博惠里,1353,1194676,883,595,355,1081,1146.71,129.87
三民區,立業里,278,215749,776,596,361,947,762.64,98.27
三民區,十美里,622,545543,877,613,344,1057,961.09,109.58
三民區,德行里,365,328826,901,608,370,1071,893.98,99.23
三民區,安邦里,1191,1034704,869,622,349,1113,857.91,98.75
三民區,千秋里,558,337119,604,505,321,772,500.44,82.83
三民區,灣勝里,555,387063,697,524,312,821,736.6,105.62
三民區,灣利里,933,658679,706,545,336,909,568.59,80.54
三民區,達明里,521,452259,868,574,323,1054,981.35,113.05
三民區,達勇里,332,330168,994,666,346,1213,1126.36,113.26
三民區,達仁里,514,467426,909,625,336,1225,904.25,99.43
三民區,灣愛里,745,517481,695,549,340,830,752.31,108.31
三民區,安和里,838,743338,887,587,334,987,1471.54,165.89
三民區,德智里,735,669704,911,614,349,1166,974.69,106.97
三民區,寶興里,2088,1870340,896,614,358,1054,2202.46,245.88
三民區,安康里,608,370066,609,510,322,782,448.17,73.63
三民區,安寧里,386,248179,643,517,317,759,521.85,81.16
三民區,鼎盛里,2224,1847973,831,633,377,1037,752.49,90.56
三民區,鼎泰里,6838,7618972,1114,793,442,1393,1260.25,113.11
三民區,本武里,482,422715,877,662,376,1070,788.26,89.88
三民區,本文里,657,521560,794,569,330,940,1288.43,162.3
三民區,寶盛里,1699,1534541,903,664,373,1141,837.1,92.68
三民區,寶華里,1125,1073345,954,694,389,1238,845.58,88.63
三民區,寶民里,1014,910280,898,641,370,1097,869.05,96.81
三民區,寶中里,940,732817,780,555,340,941,749.75,96.17
三民區,寶玉里,2526,2267894,898,659,376,1164,1200.84,133.75
三民區,灣成里,637,508073,798,622,349,1013,690.1,86.52
三民區,安吉里,1465,1336213,912,625,355,1117,1405.99,154.15
三民區,安泰里,1271,1126607,886,621,350,1122,918.87,103.66
三民區,德仁里,659,746519,1133,644,375,1084,5616.96,495.84
三民區,寶國里,2464,2366169,960,700,390,1220,1116.73,116.29
三民區,正順里,1134,997190,879,626,339,1120,840.51,95.58
三民區,安發里,1491,1401751,940,606,338,1134,1235.01,131.36
三民區,鼎中里,1082,901513,833,596,356,1025,955.14,114.64
三民區,寶業里,1587,1490491,939,665,365,1198,899.1,95.73
三民區,寶慶里,890,699580,786,579,338,1021,679.02,86.38
三民區,寶德里,1562,1300353,832,596,363,1033,783.21,94.08
三民區,寶泰里,1186,1032447,871,594,342,1091,852.05,97.88
三民區,寶安里,2289,2110999,922,643,369,1161,1108.15,120.16
三民區,本元里,1703,1573976,924,653,384,1163,1189.05,128.65
三民區,本安里,1529,1540255,1007,666,389,1273,1007.57,100.02
三民區,本上里,1643,1892604,1152,764,408,1552,1182.21,102.63
三民區,本揚里,2421,2396534,990,700,380,1278,961.08,97.09
三民區,鼎力里,1169,982599,841,622,347,1086,895.03,106.48
三民區,鼎強里,1124,850660,757,584,358,959,643.18,84.99
三民區,本和里,2392,2225939,931,680,384,1181,924.54,99.35
三民區,其　他,24,19345,806,457,287,874,836.16,103.74
三民區,合　計,92013,82440993,896,631,363,1108,1140.22,127.26
新興區,大明里,322,255457,793,564,308,904,831.9,104.86
新興區,明莊里,179,182716,1021,557,290,1027,1924.16,188.5
新興區,仁聲里,301,272455,905,561,316,1288,952.23,105.2
新興區,漢民里,253,208326,823,517,295,963,960.98,116.71
新興區,華聲里,336,374846,1116,663,333,1193,2340.72,209.81
新興區,玉衡里,267,207848,778,580,303,936,879.76,113.01
新興區,榮治里,249,469683,1886,819,371,1822,3517.44,186.47
新興區,浩然里,678,680244,1003,645,348,1216,1227.99,122.39
新興區,振成里,460,522026,1135,618,343,1176,2025.15,178.45
新興區,德生里,1143,1478111,1293,677,365,1513,1896.31,146.64
新興區,成功里,409,518776,1268,702,362,1338,2141.59,168.84
新興區,愛平里,340,339139,997,647,360,1260,1091.68,109.44
新興區,新江里,407,386762,950,518,282,1002,3023.83,318.21
新興區,黎明里,250,245960,984,500,312,1067,2214.72,225.11
新興區,秋山里,264,190854,723,551,252,888,680.26,94.1
新興區,長驛里,263,205780,782,546,317,963,792.71,101.31
新興區,建興里,257,197027,767,516,314,895,755.27,98.52
新興區,德望里,753,755509,1003,644,345,1152,1308.66,130.43
新興區,中東里,833,801711,962,578,315,1057,1803.99,187.44
新興區,東坡里,385,321269,834,562,310,1012,1052.32,126.11
新興區,蕉園里,246,232961,947,623,346,1135,1143.52,120.75
新興區,德政里,225,199775,888,617,334,1102,1005.28,113.22
新興區,南港里,660,560270,849,567,317,962,1248.89,147.12
新興區,開平里,1239,1790383,1445,769,403,1490,5414.5,374.7
新興區,光耀里,757,673023,889,632,324,1086,1369.37,154.02
新興區,永寧里,505,477763,946,609,346,1115,1255.57,132.71
新興區,順昌里,669,645357,965,598,344,980,4107.54,425.8
新興區,正氣里,523,567101,1084,633,333,1297,1640.02,151.25
新興區,建華里,280,346241,1237,546,288,1086,5589.79,452.04
新興區,振華里,430,462136,1075,616,320,1311,1584.89,147.47
新興區,文昌里,1012,1239469,1225,720,362,1442,2256.69,184.25
新興區,興昌里,634,651765,1028,652,338,1169,1509.11,146.8
新興區,其　他,2,2525,1262,1262,957,1568,863.85,68.43
新興區,合　計,15531,16463271,1060,627,334,1178,2478.96,233.86
前金區,青山里,571,673495,1180,719,387,1348,1912.22,162.12
前金區,長興里,353,319074,904,588,326,1087,1273.28,140.87
前金區,民生里,262,257419,983,678,325,1131,1137.22,115.75
前金區,東金里,342,415492,1215,698,320,1446,1799.32,148.11
前金區,林投里,233,296880,1274,536,277,881,4818.66,378.18
前金區,後金里,268,275225,1027,645,358,1237,1502.21,146.28
前金區,文東里,419,440172,1051,639,327,1173,1503.59,143.13
前金區,長生里,581,594740,1024,644,336,1334,1179.83,115.26
前金區,博孝里,327,306201,936,556,315,1186,1072.58,114.54
前金區,復元里,362,375690,1038,665,335,1303,1106.13,106.58
前金區,社東里,661,833383,1261,736,391,1380,1798.76,142.67
前金區,社西里,390,407922,1046,665,363,1200,1284,122.76
前金區,國民里,352,500571,1422,666,367,1508,2410.75,169.52
前金區,新生里,1255,1341252,1069,703,367,1310,1461.29,136.73
前金區,北金里,232,202394,872,560,327,998,976.29,111.91
前金區,榮復里,367,262481,715,526,286,898,694.94,97.17
前金區,文西里,321,277796,865,551,344,900,1296.95,149.87
前金區,草江里,392,356692,910,618,329,1166,912.94,100.33
前金區,長城里,392,319754,816,579,334,1028,807.38,98.98
前金區,三川里,200,123375,617,465,289,708,631.59,102.39
前金區,其　他,3,1401,467,226,170,643,517.1,110.73
前金區,合　計,8283,8581409,1036,634,343,1192,1629.6,157.29
苓雅區,博仁里,242,319629,1321,632,380,1539,2296.62,173.88
苓雅區,苓洲里,463,441960,955,590,321,1209,1112.58,116.56
苓雅區,苓昇里,368,257815,701,556,324,914,575.93,82.21
苓雅區,苓雅里,488,426019,873,602,353,1026,949.14,108.72
苓雅區,苓中里,492,372342,757,547,323,961,732.9,96.84
苓雅區,苓東里,453,379567,838,524,306,927,1032.15,123.18
苓雅區,城東里,734,711143,969,694,390,1223,1041.73,107.52
苓雅區,城北里,488,519696,1065,631,361,1152,2391.14,224.53
苓雅區,城西里,165,105357,639,462,283,763,690.36,108.12
苓雅區,意誠里,1065,853832,802,578,345,968,1059.37,132.14
苓雅區,鼓中里,301,242408,805,592,320,972,835.23,103.71
苓雅區,田西里,476,405587,852,622,343,1079,895.74,105.12
苓雅區,日中里,808,723188,895,595,331,1124,928.31,103.72
苓雅區,美田里,405,346135,855,621,314,1040,914.61,107.02
苓雅區,林西里,531,444218,837,566,351,1042,909.67,108.74
苓雅區,林南里,1097,1265988,1154,752,393,1402,1711.5,148.3
苓雅區,林德里,616,693894,1126,682,390,1371,1285.95,114.16
苓雅區,福海里,344,264746,770,585,345,934,670.36,87.1
苓雅區,福南里,568,427776,753,525,309,920,885.99,117.64
苓雅區,福西里,466,299568,643,513,312,793,570.25,88.71
苓雅區,福東里,826,589719,714,574,329,952,606.43,84.94
苓雅區,五福里,1237,988677,799,557,335,960,928.09,116.12
苓雅區,仁政里,487,550299,1130,679,358,1287,1703.39,150.75
苓雅區,凱旋里,673,757314,1125,723,408,1298,1446.49,128.54
苓雅區,人和里,617,561562,910,568,301,1042,1541.69,169.39
苓雅區,和煦里,709,674220,951,639,348,1119,1382.04,145.33
苓雅區,普照里,1054,1128826,1071,671,368,1222,1479.62,138.15
苓雅區,晴朗里,416,490692,1180,673,327,1302,1547.4,131.19
苓雅區,廣澤里,631,585139,927,608,340,1108,1459.72,157.41
苓雅區,奏捷里,514,437836,852,605,348,1123,778.18,91.35
苓雅區,永康里,749,644175,860,613,358,1128,857.73,99.73
苓雅區,林圍里,926,1292788,1396,776,418,1541,2752.66,197.17
苓雅區,林興里,377,278832,740,575,345,912,687.98,93.02
苓雅區,林靖里,575,527118,917,725,417,1247,719.67,78.5
苓雅區,同慶里,770,1188015,1543,930,459,1729,3066.94,198.78
苓雅區,福隆里,823,640917,779,589,365,963,653.23,83.88
苓雅區,福康里,535,395087,738,569,330,947,650.28,88.06
苓雅區,福人里,602,459485,763,588,343,984,645.07,84.51
苓雅區,福地里,808,569887,705,531,331,851,616.19,87.37
苓雅區,福居里,798,542681,680,517,334,832,632.85,93.06
苓雅區,五權里,704,612579,870,625,338,1061,1056.77,121.45
苓雅區,正義里,869,1035105,1191,704,377,1467,1290.9,108.38
苓雅區,福壽里,424,354984,837,528,320,887,2082.67,248.76
苓雅區,林中里,1036,917002,885,614,348,1093,901.84,101.89
苓雅區,華堂里,999,907634,909,621,337,1182,926.29,101.95
苓雅區,朝陽里,486,413272,850,617,364,1063,853.34,100.35
苓雅區,林華里,927,756846,816,589,340,1013,830.74,101.75
苓雅區,林榮里,1387,1219638,879,587,343,1089,982.7,111.75
苓雅區,正心里,1339,1206415,901,621,353,1111,963.85,106.98
苓雅區,福祥里,382,272005,712,510,298,871,680.01,95.5
苓雅區,安祥里,949,1245133,1312,733,376,1496,2122.89,161.8
苓雅區,中正里,1114,1486051,1334,764,379,1517,2790.73,209.2
苓雅區,普天里,1195,1228506,1028,670,374,1241,1152.79,112.14
苓雅區,林富里,752,1163295,1547,782,420,1648,3327.68,215.11
苓雅區,民主里,1314,1306551,994,641,362,1148,2106.46,211.85
苓雅區,正仁里,806,660997,820,617,353,1060,739.76,90.2
苓雅區,林貴里,643,636129,989,689,381,1257,993.8,100.45
苓雅區,正大里,1728,1543674,893,620,363,1083,1079.36,120.82
苓雅區,光華里,165,119282,723,552,379,937,545.5,75.46
苓雅區,正道里,1402,1152068,822,597,333,1022,785.98,95.65
苓雅區,衛武里,579,405009,699,557,308,893,629.55,90
苓雅區,英明里,627,509188,812,588,346,998,794.13,97.79
苓雅區,林泉里,734,865587,1179,782,415,1531,1369.84,116.16
苓雅區,尚義里,586,695007,1186,758,405,1402,1563.6,131.84
苓雅區,林安里,518,481269,929,655,378,1211,907.92,97.72
苓雅區,正文里,713,677308,950,645,369,1086,1729.84,182.1
苓雅區,正言里,997,871274,874,597,359,1035,1457.5,166.78
苓雅區,文昌里,1242,948398,764,566,351,996,650.66,85.21
苓雅區,建軍里,582,464273,798,571,326,923,1078.45,135.19
苓雅區,其　他,18,15327,851,634,395,1203,744.46,87.43
苓雅區,合　計,49914,46973941,941,618,353,1119,1395.71,148.31
前鎮區,鎮北里,267,193367,724,533,318,885,693.35,95.74
前鎮區,草衙里,2524,1750101,693,531,342,837,680.44,98.13
前鎮區,前鎮里,360,248962,692,526,343,995,494.83,71.55
前鎮區,興邦里,987,954234,967,738,438,1231,954.41,98.72
前鎮區,興化里,167,122447,733,496,342,885,681.39,92.93
前鎮區,鎮中里,212,141250,666,488,307,769,653.23,98.04
前鎮區,振興里,754,779394,1034,703,408,1235,1255.24,121.43
前鎮區,西甲里,664,637693,960,646,337,1184,1144.7,119.19
前鎮區,竹內里,809,629886,779,589,343,981,734.15,94.29
前鎮區,西山里,1196,1082866,905,612,366,1191,877.99,96.97
前鎮區,良和里,1028,1082268,1053,734,375,1320,1223.1,116.18
前鎮區,建隆里,327,420074,1285,763,375,1684,1399.05,108.91
前鎮區,興中里,916,728108,795,545,325,914,916.45,115.29
前鎮區,忠誠里,633,461344,729,645,383,967,476.74,65.41
前鎮區,忠純里,1419,1021685,720,593,359,957,541.15,75.16
前鎮區,瑞竹里,443,352249,795,640,351,1015,644.74,81.09
前鎮區,復國里,827,747129,903,617,335,1152,982.65,108.77
前鎮區,鎮東里,482,342728,711,553,345,927,555.48,78.12
前鎮區,忠孝里,875,947178,1082,645,342,1193,1699.3,156.98
前鎮區,仁愛里,334,241215,722,540,330,891,620.79,85.96
前鎮區,興仁里,154,91770,596,499,321,790,438.3,73.55
前鎮區,信義里,347,237431,684,536,356,920,533.68,78
前鎮區,平等里,499,416640,835,585,337,1017,804.57,96.36
前鎮區,明道里,236,170588,723,575,358,872,662.81,91.7
前鎮區,明禮里,362,242951,671,511,340,814,562.48,83.81
前鎮區,瑞豐里,797,632758,794,618,384,977,622.94,78.46
前鎮區,鎮陽里,259,188538,728,571,338,870,634.25,87.13
前鎮區,盛興里,869,836600,963,608,362,1085,1434.28,148.98
前鎮區,鎮榮里,578,361791,626,485,314,819,491.53,78.53
前鎮區,瑞南里,1332,1016805,763,598,361,945,658.25,86.23
前鎮區,瑞崗里,701,538584,768,569,329,937,720.09,93.72
前鎮區,瑞東里,662,476773,720,557,345,900,599.25,83.21
前鎮區,瑞北里,849,610842,719,582,358,903,552.35,76.77
前鎮區,瑞西里,819,580587,709,575,345,943,546.12,77.04
前鎮區,瑞興里,745,574394,771,591,332,946,763.21,98.99
前鎮區,瑞和里,564,416282,738,565,354,935,683.53,92.61
前鎮區,瑞隆里,1002,746820,745,586,340,936,646.91,86.79
前鎮區,信德里,547,360821,660,544,342,822,525.28,79.63
前鎮區,鎮昌里,524,382742,730,547,350,848,681.98,93.37
前鎮區,明正里,1609,1281322,796,619,383,1001,639.12,80.26
前鎮區,竹西里,1321,1236305,936,692,380,1235,849.67,90.79
前鎮區,平昌里,152,106889,703,531,280,982,613.43,87.23
前鎮區,明孝里,746,529488,710,504,316,882,687.27,96.83
前鎮區,瑞祥里,1445,1249483,865,636,356,1127,761.27,88.04
前鎮區,瑞平里,1162,951675,819,611,338,1055,733.82,89.6
前鎮區,德昌里,498,316846,636,507,326,797,491.1,77.19
前鎮區,明義里,653,480450,736,569,360,909,613.66,83.41
前鎮區,鎮海里,1279,1046362,818,589,356,1047,712.93,87.14
前鎮區,竹東里,717,522163,728,548,351,868,707.21,97.11
前鎮區,竹南里,2360,2454770,1040,779,436,1363,979.35,94.15
前鎮區,竹北里,657,546186,831,605,329,1075,779.56,93.77
前鎮區,瑞誠里,787,569133,723,584,352,897,570.13,78.84
前鎮區,瑞華里,1484,1279329,862,628,363,1130,757.78,87.9
前鎮區,瑞昌里,950,690064,726,575,357,930,559.62,77.04
前鎮區,瑞文里,717,575000,802,543,335,947,2435.54,303.7
前鎮區,竹中里,1210,1025814,848,630,363,1060,769.66,90.79
前鎮區,民權里,1509,1618324,1072,724,376,1422,1128.93,105.27
前鎮區,盛豐里,911,757038,831,596,348,1019,782.42,94.15
前鎮區,興東里,1818,1764154,970,663,372,1201,1043.5,107.54
前鎮區,其　他,7,4372,625,314,270,963,559.31,89.55
前鎮區,合　計,49062,40773067,831,604,356,1032,885.74,106.58
旗津區,旗下里,285,185192,650,505,314,803,552.29,84.99
旗津區,永安里,249,139162,559,451,300,680,415.34,74.32
旗津區,振興里,372,236843,637,471,298,721,681.89,107.1
旗津區,慈愛里,455,274663,604,487,287,744,514.76,85.27
旗津區,復興里,638,367242,576,488,293,731,433.98,75.39
旗津區,實踐里,274,158051,577,464,300,747,449.66,77.95
旗津區,上竹里,594,403195,679,541,339,846,594.34,87.56
旗津區,南汕里,382,239399,627,541,329,789,446.91,71.31
旗津區,中洲里,328,215084,656,487,324,755,692.33,105.58
旗津區,安順里,174,103436,594,507,335,764,426.35,71.72
旗津區,中興里,604,382281,633,504,331,782,483.75,76.43
旗津區,北汕里,542,315400,582,457,288,718,556.56,95.64
旗津區,中華里,317,197556,623,481,321,716,566.42,90.89
旗津區,其　他,9,4133,459,477,364,520,178.15,38.79
旗津區,合　計,5223,3221636,617,489,309,757,533.86,86.55
小港區,小港里,697,564922,811,573,367,1016,728.41,89.87
小港區,港墘里,575,498341,867,614,373,1091,770.51,88.9
小港區,鳳宮里,701,547402,781,583,337,973,735.66,94.21
小港區,店鎮里,1923,1592805,828,605,368,1087,700.06,84.52
小港區,山東里,948,744612,785,617,365,997,635.12,80.86
小港區,孔宅里,1151,851667,740,589,369,925,617.52,83.46
小港區,高松里,1129,854320,757,577,355,945,645.12,85.25
小港區,大坪里,659,484204,735,603,371,926,537.48,73.15
小港區,坪頂里,1377,1074693,780,594,370,968,707.02,90.59
小港區,鳳森里,644,511926,795,632,376,1096,573.27,72.12
小港區,鳳林里,855,634698,742,577,363,979,549.18,73.98
小港區,鳳興里,690,519795,753,600,364,957,589.6,78.27
小港區,鳳源里,998,769738,771,610,386,1006,585.88,75.96
小港區,鳳鳴里,788,602166,764,599,383,969,568.8,74.43
小港區,青島里,629,450528,716,548,341,955,548.68,76.6
小港區,濟南里,1263,1057553,837,650,388,1118,644.18,76.93
小港區,港口里,1288,1420625,1103,660,380,1467,1194.88,108.33
小港區,港興里,731,609821,834,595,353,1116,720.59,86.38
小港區,二苓里,1226,994511,811,592,376,1030,753.42,92.88
小港區,大苓里,868,699042,805,564,357,1047,675.05,83.82
小港區,中厝里,926,655669,708,528,340,879,626.69,88.51
小港區,山明里,3107,2404758,774,603,373,990,641.23,82.85
小港區,廈莊里,805,629176,782,590,355,974,679.86,86.98
小港區,桂林里,2259,1755964,777,596,354,1005,627.96,80.79
小港區,龍鳳里,858,707268,824,621,400,1077,648.59,78.68
小港區,港南里,592,506913,856,637,366,1212,694.51,81.11
小港區,港明里,954,698799,732,563,341,922,600.54,81.99
小港區,港后里,761,593579,780,602,383,984,637.02,81.67
小港區,港正里,975,861079,883,662,394,1211,697.62,78.99
小港區,合作里,721,541922,752,595,368,985,565.89,75.29
小港區,松山里,1063,881964,830,648,383,1092,646.77,77.95
小港區,松金里,812,633654,780,586,355,963,664.06,85.1
小港區,泰山里,1103,979698,888,703,413,1211,696.07,78.37
小港區,三苓里,925,741712,802,605,350,1029,679.17,84.7
小港區,正苓里,1299,1051914,810,600,348,1046,720.55,88.98
小港區,順苓里,1386,1124631,811,616,370,1036,666.14,82.09
小港區,宏亮里,1002,828687,827,637,376,1070,692.55,83.74
小港區,六苓里,915,887337,970,703,394,1309,951.79,98.15
小港區,其　他,13,6726,517,450,241,600,344.16,66.51
小港區,合　計,39616,31974817,807,606,368,1034,692.5,85.8
鳳山區,成功里,221,180654,817,509,318,979,909.77,111.3
鳳山區,和德里,629,555565,883,698,406,1110,811.39,91.86
鳳山區,和興里,1448,1240500,857,619,362,1109,934.15,109.04
鳳山區,南興里,267,204633,766,581,304,1003,712.95,93.02
鳳山區,鎮南里,1423,1097260,771,569,357,970,716.57,92.93
鳳山區,興仁里,1050,803024,765,595,350,966,651.76,85.22
鳳山區,鳳崗里,378,341950,905,674,384,1082,930.69,102.88
鳳山區,曹公里,629,553992,881,644,369,1090,847.32,96.2
鳳山區,鎮北里,1610,1217878,756,597,361,935,610.02,80.64
鳳山區,縣衙里,259,198039,765,571,335,985,644.42,84.28
鳳山區,文山里,1675,1400377,836,619,347,1039,816.52,97.66
鳳山區,文英里,1005,814040,810,624,352,1041,697.99,86.17
鳳山區,中和里,1090,931133,854,609,356,1133,774.97,90.72
鳳山區,忠義里,1419,1298189,915,631,366,1136,1106.37,120.93
鳳山區,誠正里,135,103255,765,607,378,951,585.7,76.58
鳳山區,誠義里,1265,1267034,1002,792,451,1384,755.64,75.44
鳳山區,縣口里,124,116807,942,542,309,1083,1817.27,192.92
鳳山區,光明里,403,397935,987,568,338,973,2847.02,288.33
鳳山區,三民里,341,279252,819,633,326,1078,729.25,89.05
鳳山區,鎮東里,536,375456,700,547,332,880,637.28,90.98
鳳山區,鎮西里,1438,1151552,801,592,349,1006,774.27,96.69
鳳山區,興中里,210,163570,779,577,356,1069,627.78,80.6
鳳山區,中正里,332,247765,746,588,341,960,733.46,98.28
鳳山區,新興里,421,342854,814,577,349,1085,705.04,86.57
鳳山區,埤頂里,1665,1249063,750,578,356,973,639.25,85.21
鳳山區,過埤里,3511,3050790,869,721,422,1164,626.74,72.13
鳳山區,生明里,554,421583,761,566,362,968,620.86,81.59
鳳山區,誠德里,518,387161,747,563,345,954,850.79,113.83
鳳山區,瑞竹里,1390,1074508,773,564,333,987,759.97,98.31
鳳山區,老爺里,1978,1433971,725,570,344,925,759.85,104.81
鳳山區,五福里,926,711799,769,578,342,926,713.56,92.83
鳳山區,海光里,997,718110,720,553,324,906,682.62,94.77
鳳山區,海風里,309,207449,671,538,298,884,549.02,81.78
鳳山區,協和里,1225,1120044,914,687,412,1239,896.76,98.08
鳳山區,忠誠里,896,691062,771,576,378,962,644.48,83.56
鳳山區,北門里,1039,719542,693,558,341,827,653.17,94.32
鳳山區,富甲里,498,335191,673,502,320,788,628.05,93.31
鳳山區,南成里,2266,1814368,801,618,371,1031,660.47,82.49
鳳山區,東門里,1355,957385,707,568,357,898,556.18,78.72
鳳山區,一甲里,956,710534,743,598,357,932,611.14,82.23
鳳山區,正義里,1800,1342770,746,567,357,926,639.26,85.69
鳳山區,武漢里,1437,1180448,821,608,361,1045,754.09,91.8
鳳山區,新甲里,925,751273,812,612,369,1039,662.43,81.56
鳳山區,福興里,1650,1170633,709,562,342,888,577.63,81.42
鳳山區,福誠里,1080,890472,825,623,372,1043,740.26,89.78
鳳山區,瑞興里,1357,1158588,854,666,390,1084,738.89,86.54
鳳山區,國泰里,1216,917910,755,583,365,972,592.5,78.49
鳳山區,新強里,1594,1453645,912,678,386,1176,902.41,98.95
鳳山區,天興里,1063,754821,710,536,349,877,596.92,84.06
鳳山區,鳳東里,1662,1451460,873,665,389,1146,738.13,84.52
鳳山區,忠孝里,1643,1375945,837,604,361,1054,850.76,101.59
鳳山區,文德里,2888,3195620,1107,741,414,1304,2124.22,191.97
鳳山區,文華里,2417,2198288,910,656,379,1131,998.27,109.76
鳳山區,國光里,1071,747745,698,526,342,884,564.23,80.81
鳳山區,國隆里,798,542593,680,510,321,854,558.77,82.18
鳳山區,新富里,1223,964276,788,587,350,981,784.99,99.56
鳳山區,大德里,1331,987018,742,604,363,929,584.33,78.8
鳳山區,武松里,719,515440,717,545,327,885,604.29,84.29
鳳山區,文衡里,1307,1226875,939,702,423,1186,859.62,91.58
鳳山區,文福里,2815,2586185,919,698,404,1167,855.45,93.11
鳳山區,誠信里,561,415966,741,591,363,968,570.21,76.9
鳳山區,誠智里,737,548333,744,577,374,940,582.3,78.27
鳳山區,國富里,815,719293,883,716,404,1176,662.57,75.07
鳳山區,武慶里,717,559869,781,582,370,962,694.47,88.94
鳳山區,海洋里,1125,967894,860,616,360,1074,806.6,93.75
鳳山區,新武里,634,477168,753,566,339,932,636.11,84.52
鳳山區,新樂里,1348,1223714,908,650,384,1164,955.65,105.27
鳳山區,新泰里,1188,1026037,864,661,387,1140,724.67,83.91
鳳山區,中崙里,735,528865,720,576,359,918,540.64,75.14
鳳山區,中榮里,1044,705085,675,542,345,865,495.28,73.33
鳳山區,中民里,1173,818809,698,553,339,886,524.06,75.08
鳳山區,二甲里,1315,990535,753,593,361,950,622.83,82.68
鳳山區,龍成里,815,609927,748,568,353,931,632.89,84.57
鳳山區,富榮里,667,538336,807,594,365,1029,724.58,89.78
鳳山區,善美里,1619,1268466,783,582,369,987,691.59,88.27
鳳山區,南和里,738,535774,726,550,345,916,608.79,83.86
鳳山區,福祥里,798,721910,905,573,324,936,3245.6,358.77
鳳山區,保安里,1682,1548772,921,724,435,1173,950.26,103.2
鳳山區,其　他,17,15529,913,613,482,1262,625.84,68.51
鳳山區,合　計,86115,70517562,819,612,365,1036,904.32,110.43
鳥松區,鳥松里,3231,3909784,1210,788,417,1433,2130.44,176.06
鳥松區,夢裡里,1563,2264379,1449,827,425,1729,1879.23,129.71
鳥松區,大華里,3403,5089918,1496,780,407,1621,3305.16,220.98
鳥松區,仁美里,1613,1173250,727,558,346,866,1003.8,138
鳥松區,坔埔里,963,808435,839,587,363,991,922.12,109.84
鳥松區,大竹里,177,134989,763,587,390,974,577.18,75.68
鳥松區,華美里,1046,856026,818,588,361,979,858.43,104.89
鳥松區,其　他,2,919,459,459,310,609,423.98,92.27
鳥松區,合　計,11998,14237699,1187,698,391,1314,2267.38,191.07
仁武區,仁武里,1541,1141468,741,570,338,966,610.95,82.48
仁武區,文武里,2440,1878932,770,599,361,969,718.27,93.28
仁武區,竹後里,600,417219,695,548,331,861,699.98,100.66
仁武區,八卦里,4372,3763402,861,680,401,1140,683.53,79.41
仁武區,大灣里,936,711370,760,577,350,961,633.48,83.35
仁武區,灣內里,1830,1550630,847,640,386,1057,757.96,89.45
仁武區,考潭里,734,598880,816,564,332,981,832.76,102.06
仁武區,烏林里,945,583718,618,509,330,747,460.56,74.56
仁武區,仁福里,162,114061,704,475,296,820,742.27,105.42
仁武區,高楠里,465,281408,605,486,308,728,511.84,84.58
仁武區,後安里,653,425875,652,536,330,829,599.24,91.88
仁武區,中華里,369,219858,596,487,330,749,437.24,73.38
仁武區,五和里,1092,812623,744,599,375,935,594.45,79.88
仁武區,仁和里,1095,1006435,919,698,366,1169,916.31,99.69
仁武區,赤山里,1555,1312478,844,647,366,1082,731.96,86.72
仁武區,仁慈里,689,685209,994,723,413,1277,1142.43,114.87
仁武區,其　他,5,2109,422,385,379,485,107.84,25.56
仁武區,合　計,19483,15505676,796,608,362,1009,717.07,90.1
大社區,大社里,1395,1124598,806,591,354,1002,999.37,123.97
大社區,嘉誠里,190,120022,632,452,294,742,657.97,104.16
大社區,保社里,817,686046,840,589,355,986,2240.45,266.81
大社區,翠屏里,450,338506,752,608,340,962,577.47,76.77
大社區,三奶里,705,482971,685,517,325,887,711.72,103.89
大社區,觀音里,1447,1105838,764,587,356,962,675.07,88.33
大社區,神農里,1120,836360,747,572,330,995,740.07,99.11
大社區,中里里,787,585895,744,567,341,932,770.42,103.49
大社區,保安里,912,688343,755,575,349,963,631.34,83.65
大社區,其　他,1,377,377,377,377,377,0,0
大社區,合　計,7824,5968955,763,573,342,962,1023.42,134.15
大樹區,大樹里,562,369062,657,521,326,820,541.61,82.47
大樹區,九曲里,1145,771355,674,540,339,856,529.02,78.53
大樹區,久堂里,1030,752338,730,556,362,926,585.6,80.17
大樹區,水安里,606,454326,750,534,313,833,1492.09,199.02
大樹區,水寮里,568,409782,721,559,353,898,616.13,85.4
大樹區,井腳里,331,236598,715,587,347,932,527.87,73.85
大樹區,小坪里,309,257102,832,620,390,961,1420.64,170.74
大樹區,龍目里,357,245525,688,545,331,827,794.75,115.56
大樹區,竹寮里,742,524235,707,548,343,864,920.35,130.27
大樹區,檨腳里,873,606320,695,542,339,878,584.17,84.11
大樹區,興山里,217,123621,570,478,330,719,388.21,68.15
大樹區,和山里,186,111258,598,485,327,799,428.35,71.61
大樹區,姑山里,211,142158,674,568,367,866,474.77,70.47
大樹區,大坑里,291,203355,699,536,313,882,600.24,85.89
大樹區,三和里,218,219598,1007,575,317,1110,1451.92,144.14
大樹區,溪埔里,396,315280,796,665,383,1006,569.32,71.51
大樹區,興田里,413,241675,585,467,264,746,516.54,88.27
大樹區,統嶺里,121,75141,621,483,346,803,430.89,69.39
大樹區,其　他,1,2597,2597,2597,2597,2597,0,0
大樹區,合　計,8577,6061325,707,545,338,874,782.34,110.7
大寮區,大寮里,1677,1131797,675,518,339,823,619.07,91.73
大寮區,義仁里,454,315647,695,520,347,864,574.83,82.68
大寮區,新厝里,335,238383,712,540,313,965,569.3,80
大寮區,會結里,323,243380,753,589,368,891,672.26,89.22
大寮區,潮寮里,667,450829,676,540,338,894,508.52,75.24
大寮區,拷潭里,350,231043,660,541,348,830,460.71,69.79
大寮區,山頂里,1763,1273616,722,583,345,936,563.54,78.01
大寮區,三隆里,1132,804604,711,558,342,890,588.82,82.84
大寮區,永芳里,1806,1357986,752,558,350,910,735.18,97.77
大寮區,昭明里,912,628307,689,551,351,854,521.9,75.75
大寮區,內坑里,1246,923973,742,582,366,904,661.3,89.18
大寮區,上寮里,573,400479,699,573,361,891,522.31,74.73
大寮區,會社里,1377,1053339,765,566,352,950,872.99,114.12
大寮區,後庄里,1860,1361202,732,570,355,922,668.14,91.3
大寮區,翁園里,965,696762,722,567,367,943,535.23,74.13
大寮區,琉球里,1031,748985,726,567,361,932,584.63,80.48
大寮區,江山里,458,351532,768,568,369,903,753.78,98.21
大寮區,溪寮里,380,282065,742,584,363,876,738.85,99.54
大寮區,義和里,521,356496,684,562,340,848,584.66,85.45
大寮區,前庄里,604,459670,761,583,344,1039,627.02,82.39
大寮區,中庄里,2776,1895081,683,550,341,856,537.59,78.75
大寮區,過溪里,633,470034,743,552,321,851,1378.6,185.66
大寮區,忠義里,100,69384,694,533,351,820,677.28,97.61
大寮區,光武里,24,13901,579,496,332,767,330.4,57.04
大寮區,中興里,1654,1205137,729,578,345,911,648.65,89.02
大寮區,其　他,6,3687,615,647,455,725,197.09,32.07
大寮區,合　計,23627,16967321,718,559,349,898,661.04,92.05
林園區,林園里,995,788093,792,594,378,1001,673.52,85.03
林園區,溪州里,1024,737571,720,572,358,932,527.7,73.26
林園區,潭頭里,674,489905,727,544,352,926,582.13,80.09
林園區,中厝里,695,489023,704,577,376,896,496.96,70.63
林園區,林內里,390,275442,706,568,364,894,480.27,68
林園區,王公里,1190,957653,805,650,387,1082,570.87,70.94
林園區,林家里,349,257052,737,550,358,927,585.71,79.52
林園區,龔厝里,540,407115,754,592,397,987,536.77,71.2
林園區,中門里,621,441029,710,570,367,912,498.63,70.21
林園區,頂厝里,1210,901925,745,583,381,972,560.81,75.24
林園區,港嘴里,434,290518,669,547,342,822,479.43,71.62
林園區,西溪里,823,546093,664,540,358,841,479.31,72.24
林園區,中芸里,471,321800,683,563,370,885,463.43,67.83
林園區,鳳芸里,448,326045,728,596,347,976,517.97,71.17
林園區,東汕里,204,128883,632,541,334,814,439.07,69.5
林園區,西汕里,153,98854,646,558,350,753,478.4,74.04
林園區,北汕里,377,260508,691,569,354,872,583.06,84.38
林園區,東林里,795,598795,753,596,364,965,599.19,79.55
林園區,港埔里,434,306504,706,541,349,866,557.51,78.94
林園區,仁愛里,884,763870,864,675,408,1112,712.56,82.46
林園區,文賢里,592,425679,719,577,366,945,516.66,71.85
林園區,廣應里,982,732782,746,593,378,983,550.96,73.83
林園區,五福里,575,377076,656,523,342,811,580.66,88.54
林園區,中汕里,509,337227,663,549,358,847,429.31,64.8
林園區,其　他,0,0,0,0,0,0,0,0
林園區,合　計,15369,11259443,733,580,367,945,558.14,76.19
岡山區,岡山里,1375,1144688,833,595,345,947,1079.8,129.71
岡山區,維仁里,298,225101,755,553,322,893,701.46,92.86
岡山區,壽天里,1145,1169751,1022,643,371,1157,2327.99,227.87
岡山區,後紅里,1215,1019020,839,646,384,1018,2137.38,254.84
岡山區,程香里,1364,1119096,820,621,370,1034,727.81,88.71
岡山區,嘉興里,1109,801042,722,554,343,909,628.52,87.01
岡山區,華崗里,429,321454,749,567,341,850,946.02,126.25
岡山區,潭底里,229,141744,619,515,349,748,463.35,74.86
岡山區,石潭里,572,470026,822,639,366,1062,665.85,81.03
岡山區,福興里,300,196444,655,530,329,852,467.84,71.45
岡山區,忠孝里,749,580167,775,581,336,943,792.49,102.31
岡山區,平安里,385,339141,881,575,344,1010,967.92,109.88
岡山區,前峰里,849,634089,747,550,340,883,890.45,119.22
岡山區,後協里,1658,1257332,758,593,365,988,603.54,79.59
岡山區,竹圍里,2158,1851904,858,641,385,1051,841.76,98.09
岡山區,協和里,1111,919034,827,586,367,977,1037.81,125.46
岡山區,劉厝里,382,291079,762,565,357,919,701.62,92.08
岡山區,灣裡里,567,436283,769,599,365,923,746.25,96.98
岡山區,白米里,560,390421,697,583,347,886,530.15,76.04
岡山區,大遼里,361,247624,686,535,331,841,598.29,87.22
岡山區,臺上里,1677,1359074,810,622,368,1013,709.82,87.59
岡山區,信義里,598,487367,815,717,411,1046,576.26,70.71
岡山區,大莊里,241,168295,698,493,336,803,1269.88,181.85
岡山區,嘉峰里,532,390905,735,573,353,900,624.79,85.03
岡山區,和平里,121,92333,763,593,362,1045,572.54,75.03
岡山區,三和里,244,154364,633,478,286,737,594.18,93.92
岡山區,本洲里,500,407703,815,516,338,891,1137.51,139.5
岡山區,仁壽里,1136,1558283,1372,602,363,980,14223.4,1036.9
岡山區,協榮里,692,506609,732,561,342,942,627.82,85.76
岡山區,碧紅里,1192,975759,819,620,391,1000,744.33,90.93
岡山區,爲隨里,186,129924,699,565,330,850,656.55,93.99
岡山區,壽峰里,746,616253,826,602,358,995,1284.27,155.47
岡山區,仁義里,556,440506,792,620,342,1030,889.89,112.32
岡山區,其　他,4,2853,713,624,519,818,446.83,62.65
岡山區,合　計,25241,20845665,826,596,359,976,3186.06,385.78
茄萣區,嘉定里,255,160012,627,524,330,734,551.87,87.95
茄萣區,嘉安里,427,234912,550,445,301,665,408.44,74.24
茄萣區,保定里,754,446244,592,461,290,733,489.13,82.65
茄萣區,嘉福里,225,113999,507,386,292,599,410.39,81
茄萣區,福德里,235,147926,629,477,298,756,585.62,93.03
茄萣區,和協里,255,146054,573,506,334,713,407.98,71.23
茄萣區,萬福里,209,125580,601,427,282,728,544.2,90.57
茄萣區,吉定里,240,154698,645,490,337,813,496.84,77.08
茄萣區,白雲里,404,243389,602,458,301,722,497.54,82.59
茄萣區,光定里,232,136048,586,461,293,699,526.92,89.86
茄萣區,嘉賜里,927,571002,616,500,312,781,474.98,77.11
茄萣區,崎漏里,1003,598664,597,462,300,715,505.04,84.61
茄萣區,大定里,267,165741,621,443,297,684,1034.08,166.58
茄萣區,嘉泰里,263,147922,562,442,321,626,474.44,84.35
茄萣區,嘉樂里,523,300601,575,459,306,706,437.73,76.16
茄萣區,其　他,1,665,665,665,665,665,0,0
茄萣區,合　計,6220,3693458,594,464,303,721,520.72,87.69
永安區,永安里,393,260035,662,518,317,872,494.33,74.71
永安區,新港里,517,313056,606,486,309,772,447.59,73.92
永安區,永華里,459,337190,735,540,329,897,652.92,88.88
永安區,鹽田里,92,62211,676,565,311,801,533.04,78.83
永安區,保寧里,666,456345,685,545,346,885,542.26,79.14
永安區,維新里,1000,658110,658,534,328,817,510.21,77.53
永安區,其　他,0,0,0,0,0,0,0,0
永安區,合　計,3127,2086947,667,528,326,833,530.65,79.51
橋頭區,橋頭里,736,739941,1005,720,406,1190,2471.08,245.79
橋頭區,橋南里,385,298075,774,617,366,986,646.8,83.54
橋頭區,仕豐里,733,570716,779,582,362,1011,623.2,80.04
橋頭區,仕隆里,729,613820,842,630,363,1109,762.03,90.5
橋頭區,新莊里,624,631717,1012,677,401,1094,2105.12,207.94
橋頭區,甲南里,729,502184,689,521,327,849,601.21,87.28
橋頭區,甲北里,573,395585,690,501,348,836,685.89,99.35
橋頭區,頂鹽里,351,266810,760,589,359,979,572.4,75.3
橋頭區,中崎里,190,137179,722,583,344,949,616.74,85.42
橋頭區,筆秀里,470,350944,747,570,338,947,695.76,93.18
橋頭區,白樹里,897,716372,799,600,365,1032,671.61,84.1
橋頭區,德松里,398,330093,829,661,387,1016,668.88,80.65
橋頭區,東林里,736,545402,741,594,362,972,549.27,74.12
橋頭區,西林里,423,322352,762,596,354,1006,585.16,76.79
橋頭區,芋寮里,385,308687,802,599,402,1009,634.09,79.08
橋頭區,仕和里,1228,942173,767,581,352,987,642.14,83.69
橋頭區,三德里,219,146106,667,521,351,845,481.91,72.23
橋頭區,其　他,5,1711,342,291,284,344,123.39,36.05
橋頭區,合　計,9811,7819868,797,594,363,996,1049.79,131.71
梓官區,梓義里,562,414634,738,572,324,937,593.44,80.44
梓官區,茄苳里,586,355161,606,503,315,778,437.33,72.16
梓官區,禮蚵里,504,311891,619,486,329,734,565.27,91.35
梓官區,大舍里,966,608987,630,496,314,812,482.99,76.61
梓官區,梓信里,619,441942,714,550,342,851,626.73,87.78
梓官區,智蚵里,701,462577,660,526,314,833,523.24,79.29
梓官區,赤崁里,504,307203,610,505,312,744,475.34,77.98
梓官區,信蚵里,533,326085,612,471,290,774,797.41,130.34
梓官區,梓平里,416,303868,730,608,341,956,558.05,76.4
梓官區,赤東里,590,340328,577,478,301,720,444.98,77.14
梓官區,赤西里,187,111695,597,504,293,741,488.84,81.84
梓官區,同安里,269,192635,716,555,308,940,616.94,86.15
梓官區,中崙里,315,222731,707,584,331,950,503.44,71.2
梓官區,梓和里,688,473791,689,539,344,833,545.17,79.16
梓官區,典寶里,793,590334,744,541,345,921,679.42,91.27
梓官區,茄典里,20,16373,819,469,300,804,939.67,114.78
梓官區,其　他,22,10277,467,397,277,618,298.48,63.89
梓官區,合　計,8275,5490514,664,519,320,826,567.95,85.6
田寮區,南安里,193,107320,556,449,325,683,378.64,68.09
田寮區,田寮里,64,46702,730,567,341,912,802.91,110.03
田寮區,三和里,62,38288,618,453,332,750,479.37,77.62
田寮區,古亭里,82,41387,505,430,271,651,327.75,64.94
田寮區,大同里,66,34474,522,450,349,592,311.05,59.55
田寮區,七星里,114,82016,719,596,390,939,496.52,69.02
田寮區,西德里,131,74011,565,434,275,797,417.47,73.89
田寮區,崇德里,175,105028,600,494,351,767,394.75,65.78
田寮區,新興里,326,233459,716,540,349,914,576.31,80.48
田寮區,鹿埔里,70,34773,497,408,310,667,284.09,57.19
田寮區,其　他,1,288,288,288,288,288,0,0
田寮區,合　計,1284,797745,621,491,328,805,481.41,77.49
阿蓮區,阿蓮里,1333,989555,742,550,347,882,908.86,122.43
阿蓮區,崗山里,185,116776,631,471,316,821,490.7,77.74
阿蓮區,復安里,437,275740,631,493,306,778,503.31,79.77
阿蓮區,清蓮里,717,510297,712,532,341,854,686.33,96.43
阿蓮區,港後里,544,388202,714,509,321,837,735.11,103.01
阿蓮區,石安里,298,197283,662,508,321,798,580.69,87.71
阿蓮區,峰山里,283,167446,592,502,330,775,392.92,66.41
阿蓮區,青旗里,364,245800,675,497,305,795,695.65,103.02
阿蓮區,和蓮里,553,403485,730,540,357,904,588.5,80.66
阿蓮區,玉庫里,243,163788,674,516,335,809,666.08,98.82
阿蓮區,中路里,533,405079,760,550,353,869,863.7,113.64
阿蓮區,南蓮里,805,549106,682,526,328,807,630.35,92.41
阿蓮區,其　他,17,8766,516,424,259,763,341.99,66.32
阿蓮區,合　計,6312,4421323,700,526,333,839,715.93,102.21
路竹區,竹東里,1126,933524,829,610,369,1011,887.21,107.01
路竹區,竹西里,677,509971,753,521,321,911,794.53,105.48
路竹區,竹滬里,830,587429,708,522,331,868,671.32,94.85
路竹區,竹園里,466,302077,648,517,331,817,510.99,78.83
路竹區,文南里,752,584587,777,618,356,995,608.4,78.26
路竹區,文北里,970,687043,708,545,344,895,565.76,79.88
路竹區,甲南里,951,677349,712,552,350,896,599,84.1
路竹區,甲北里,633,453187,716,559,351,880,642.87,89.79
路竹區,下坑里,719,488828,680,506,321,810,1140.59,167.77
路竹區,頂寮里,292,194280,665,508,322,820,538.69,80.96
路竹區,鴨寮里,618,481242,779,599,364,999,743.33,95.46
路竹區,社東里,501,333408,665,516,333,820,527.64,79.29
路竹區,社西里,669,453889,678,515,338,830,549.45,80.99
路竹區,社中里,264,160958,610,472,308,799,449.57,73.74
路竹區,北嶺里,398,275196,691,524,349,866,552.08,79.84
路竹區,三爺里,279,249342,894,558,359,889,1325.1,148.27
路竹區,後鄉里,372,273969,736,553,334,925,615.53,83.58
路竹區,新達里,289,194035,671,561,313,886,530.05,78.95
路竹區,竹南里,891,946156,1062,641,369,1096,1663.52,156.65
路竹區,社南里,1451,1090328,751,581,365,946,670.42,89.22
路竹區,其　他,0,0,0,0,0,0,0,0
路竹區,合　計,13148,9876796,751,554,344,912,819.44,109.08
燕巢區,東燕里,522,354480,679,518,326,827,603.72,88.9
燕巢區,西燕里,893,629209,705,550,336,900,602.2,85.47
燕巢區,南燕里,933,668725,717,563,352,920,586.27,81.8
燕巢區,尖山里,225,157814,701,526,336,840,679.69,96.91
燕巢區,金山里,87,54801,630,484,329,788,577.08,91.61
燕巢區,鳳雄里,597,457368,766,569,322,952,855.12,111.62
燕巢區,深水里,576,354937,616,489,296,792,499.5,81.06
燕巢區,角宿里,671,520365,776,538,322,880,944.55,121.8
燕巢區,橫山里,427,290071,679,523,318,876,656.1,96.58
燕巢區,瓊林里,595,412687,694,543,322,850,608.33,87.71
燕巢區,安招里,875,622748,712,537,335,867,642.11,90.22
燕巢區,其　他,0,0,0,0,0,0,0,0
燕巢區,合　計,6401,4523206,707,537,329,867,675.22,95.55
彌陀區,彌陀里,459,312565,681,534,320,861,614.62,90.26
彌陀區,彌仁里,137,82203,600,473,316,821,438.64,73.1
彌陀區,彌壽里,196,139639,712,591,340,894,513.12,72.02
彌陀區,舊港里,379,219787,580,445,298,743,442.64,76.33
彌陀區,過港里,223,144056,646,493,314,761,626.45,96.98
彌陀區,漯底里,270,171018,633,511,326,752,494.25,78.03
彌陀區,鹽埕里,471,288203,612,496,309,741,501.59,81.97
彌陀區,南寮里,444,278734,628,500,323,758,554.3,88.3
彌陀區,文安里,434,247866,571,455,300,711,445.96,78.09
彌陀區,光和里,296,177291,599,505,302,769,438.27,73.17
彌陀區,海尾里,170,99311,584,435,289,793,429.07,73.45
彌陀區,彌靖里,496,357766,721,503,312,817,1530.56,212.19
彌陀區,其　他,9,8697,966,875,564,1267,549.98,56.91
彌陀區,合　計,3984,2527134,634,499,312,781,722.43,113.89
湖內區,湖內里,1018,722890,710,577,353,887,555.15,78.18
湖內區,逸賢里,248,138563,559,441,280,697,434.91,77.84
湖內區,中賢里,567,334076,589,461,308,729,455.32,77.28
湖內區,文賢里,304,207626,683,526,320,880,634.03,92.83
湖內區,太爺里,257,175325,682,500,309,862,578.56,84.81
湖內區,大湖里,1083,881571,814,568,338,909,1947.45,239.24
湖內區,葉厝里,754,505321,670,514,329,834,529.61,79.02
湖內區,田尾里,345,248627,721,509,335,881,668.58,92.77
湖內區,海埔里,465,275071,592,463,298,733,487.3,82.38
湖內區,劉家里,213,127097,597,514,350,746,397.9,66.68
湖內區,公舘里,651,474577,729,600,352,926,554.97,76.13
湖內區,海山里,264,201678,764,523,313,819,1312.85,171.85
湖內區,忠興里,164,93925,573,481,323,710,415.15,72.49
湖內區,湖東里,699,511410,732,510,325,842,1206.98,164.97
湖內區,其　他,7,6190,884,631,540,1276,500.69,56.62
湖內區,合　計,7039,4903946,697,524,326,845,999.94,143.53
旗山區,大林里,242,136750,565,452,296,691,412.59,73.01
旗山區,中正里,295,179290,608,496,299,741,469.98,77.33
旗山區,圓富里,383,233301,609,506,312,761,504.73,82.86
旗山區,永和里,835,576410,690,533,336,884,542.82,78.63
旗山區,瑞吉里,469,315064,672,509,332,833,556.69,82.87
旗山區,竹峰里,362,309356,855,570,353,1097,943,110.35
旗山區,湄洲里,510,380567,746,569,324,929,666.17,89.27
旗山區,大德里,711,524640,738,559,325,963,628.13,85.13
旗山區,太平里,574,392428,684,511,307,863,647.71,94.74
旗山區,東昌里,235,160985,685,502,301,930,564.63,82.42
旗山區,東平里,454,353278,778,586,342,1000,772.11,99.22
旗山區,廣福里,130,107808,829,575,348,937,1284.98,154.95
旗山區,三協里,471,317372,674,509,291,861,582.22,86.41
旗山區,上洲里,189,119020,630,545,344,825,430.11,68.3
旗山區,鯤洲里,146,101113,693,497,333,808,763.53,110.25
旗山區,大山里,298,197696,663,529,345,869,496.92,74.9
旗山區,中洲里,141,103539,734,514,311,817,906.92,123.51
旗山區,南洲里,283,199261,704,517,333,879,845.42,120.07
旗山區,新光里,169,115458,683,513,342,844,647.71,94.81
旗山區,中寮里,22,10041,456,469,170,611,352.88,77.31
旗山區,南勝里,428,287383,671,505,318,795,634.03,94.43
旗山區,其　他,1,582,582,582,582,582,0,0
旗山區,合　計,7348,5121342,697,525,321,875,656.08,94.13
六龜區,六龜里,147,83106,565,450,283,657,409.49,72.43
六龜區,義寶里,213,133390,626,476,293,791,569.69,90.97
六龜區,中興里,238,153085,643,516,320,752,680.06,105.73
六龜區,興龍里,110,53988,491,407,246,617,458.79,93.48
六龜區,新發里,155,98438,635,436,269,724,873.86,137.6
六龜區,荖濃里,139,70564,508,407,268,611,380.66,74.99
六龜區,寶來里,138,77188,559,449,250,700,474.56,84.85
六龜區,新興里,85,55562,654,500,324,699,597.62,91.42
六龜區,新威里,130,84788,652,500,335,860,539.32,82.69
六龜區,新寮里,91,73858,812,638,357,1022,719.6,88.66
六龜區,文武里,228,146220,641,452,306,728,942.81,147.01
六龜區,大津里,55,33897,616,487,319,641,758.04,122.99
六龜區,其　他,0,0,0,0,0,0,0,0
六龜區,合　計,1729,1064083,615,475,291,742,658.62,107.02
內門區,內門里,186,118870,639,549,353,829,414.21,64.81
內門區,永富里,203,112328,553,411,279,668,556.82,100.63
內門區,永吉里,71,47433,668,504,368,812,468.62,70.15
內門區,內南里,78,44944,576,448,264,720,424.42,73.66
內門區,永興里,70,38009,543,498,297,794,300.87,55.41
內門區,中埔里,108,68275,632,467,291,804,474.06,74.99
內門區,東埔里,97,58694,605,416,326,750,549.04,90.74
內門區,內豐里,234,127211,544,424,276,681,425.36,78.24
內門區,觀亭里,339,212443,627,536,335,768,476.23,75.99
內門區,內東里,128,69945,546,438,287,650,432.14,79.08
內門區,內興里,94,48201,513,426,293,698,317.3,61.88
內門區,木柵里,82,40421,493,446,258,658,333.23,67.6
內門區,溝坪里,167,86223,516,443,238,663,431.99,83.67
內門區,石坑里,75,44204,589,486,342,784,463.14,78.58
內門區,瑞山里,43,33003,768,471,296,1014,713.32,92.94
內門區,光興里,94,60042,639,560,343,917,406,63.56
內門區,金竹里,104,53295,512,414,275,679,401.68,78.38
內門區,三平里,90,53732,597,501,323,784,430.38,72.09
內門區,其　他,0,0,0,0,0,0,0,0
內門區,合　計,2263,1317274,582,475,296,729,454.58,78.09
美濃區,泰安里,378,300947,796,590,337,1100,682.43,85.72
美濃區,瀰濃里,499,397911,797,635,363,1029,633.11,79.4
美濃區,東門里,293,216358,738,550,346,966,577.42,78.2
美濃區,合和里,562,408305,727,534,347,952,614.62,84.6
美濃區,中圳里,450,360943,802,605,347,1039,728.81,90.86
美濃區,福安里,584,468947,803,565,357,968,1385.89,172.59
美濃區,中壇里,452,350536,776,611,371,947,639.9,82.51
美濃區,祿興里,569,407526,716,569,334,924,586.48,81.89
美濃區,德興里,308,242429,787,602,402,998,627.64,79.74
美濃區,清水里,403,292262,725,597,370,913,584.32,80.57
美濃區,吉和里,286,215444,753,575,353,992,655.93,87.07
美濃區,吉洋里,344,229413,667,547,356,855,526.45,78.94
美濃區,吉東里,336,232026,691,534,329,880,564.2,81.7
美濃區,龍肚里,323,240928,746,554,348,942,641.12,85.95
美濃區,龍山里,457,338980,742,572,382,997,541.36,72.98
美濃區,獅山里,477,345032,723,582,380,949,520.54,71.96
美濃區,廣林里,277,193270,698,551,362,889,521.07,74.68
美濃區,廣德里,251,166940,665,492,332,813,510.4,76.74
美濃區,興隆里,230,157585,685,555,382,881,489.25,71.41
美濃區,其　他,0,0,0,0,0,0,0,0
美濃區,合　計,7479,5565783,744,575,357,959,694.72,93.35
杉林區,上平里,305,181985,597,470,324,703,492.61,82.56
杉林區,杉林里,127,60314,475,375,240,594,432.03,90.97
杉林區,月眉里,545,345602,634,532,328,784,494.68,78.01
杉林區,月美里,208,152187,732,544,349,845,950.88,129.96
杉林區,新庄里,276,179939,652,514,316,819,507.27,77.81
杉林區,集來里,168,94526,563,424,270,720,524.26,93.18
杉林區,木梓里,96,47377,494,457,273,633,305.37,61.88
杉林區,其　他,0,0,0,0,0,0,0,0
杉林區,合　計,1725,1061930,616,495,310,746,565.32,91.83
甲仙區,東安里,81,54726,676,497,337,806,620.16,91.79
甲仙區,西安里,192,122796,640,516,352,792,470.18,73.52
甲仙區,和安里,127,82318,648,513,298,815,602.78,93
甲仙區,關山里,78,36790,472,364,257,626,310.66,65.86
甲仙區,小林里,85,36851,434,393,268,614,252.16,58.16
甲仙區,大田里,267,130150,487,414,264,645,354.44,72.71
甲仙區,寶隆里,118,54530,462,371,255,634,294.38,63.7
甲仙區,其　他,0,0,0,0,0,0,0,0
甲仙區,合　計,948,518161,547,452,281,692,439.26,80.36
茂林區,茂林里,187,125636,672,564,317,856,539.72,80.33
茂林區,多納里,98,51077,521,406,219,703,427.6,82.04
茂林區,萬山里,72,54783,761,557,346,923,777.41,102.17
茂林區,其　他,0,0,0,0,0,0,0,0
茂林區,合　計,357,231495,648,523,297,832,574.33,88.57
桃源區,桃源里,139,88066,634,508,302,818,460.96,72.76
桃源區,寶山里,98,71434,729,610,391,964,477.51,65.51
桃源區,建山里,121,69349,573,478,312,707,376.39,65.67
桃源區,高中里,78,66254,849,686,501,928,557.84,65.67
桃源區,勤和里,37,20950,566,572,316,746,280.3,49.5
桃源區,復興里,41,26785,653,533,330,932,414.07,63.38
桃源區,拉芙蘭里,50,35738,715,568,440,944,429.47,60.09
桃源區,梅山里,51,24765,486,483,260,668,324.02,66.73
桃源區,其　他,0,0,0,0,0,0,0,0
桃源區,合　計,615,403340,656,551,341,848,446.97,68.15
那瑪夏區,南沙魯里,95,46624,491,493,249,631,348.02,70.91
那瑪夏區,瑪雅里,139,93579,673,565,341,953,472.09,70.12
那瑪夏區,達卡努瓦,211,134574,638,543,347,787,437.49,68.59
那瑪夏區,其　他,0,0,0,0,0,0,0,0
那瑪夏區,合　計,445,274777,617,539,331,784,435.94,70.6
其　他,其　他,163,166968,1024,680,443,1316,1096.88,107.08
其　他,合　計,163,166968,1024,680,443,1316,1096.88,107.08
